section	number	claim	output_file	row_key	column	script	run_command	verified
Abstract	140	"approximate count of PSG parameters a sleep study yields (the paper prints ""~140"" and ""about 140 in all"")"	$REPO/analysis/numbers/measure_families.csv	all rows	len(rows)	oximetry_extraction/E1_live/scripts/build_measure_families_v8.py	python3 oximetry_extraction/E1_live/scripts/build_measure_families_v8.py   # step 030	YES (the file has 141.0; the paper prints it as an approximation, not a rounded value)
Abstract	19,173	clinical sleep recordings in the primary cohort	cohorts.json	-	bdsp.n_analysis	analysis/numbers/freeze_01_cohorts.py	python3 analysis/numbers/freeze_01_cohorts.py   # step 101	YES
Abstract	141	PSG-derived parameters ranked	ranking_v3_provenance.json	-	measures	analysis/numbers/build_ranking_v3.py	T90_FULL_NIGHTS_ONLY=1 python3 analysis/numbers/build_ranking_v3.py current   # step 105	YES
Abstract	54	medical conditions predicted (plus mortality = the 55 study outcomes)	$REPO/analysis/numbers/disease_definitions.py	DISEASES	len(DISEASES) - len(RANKING_EXCLUDE) - 1 (death)	analysis/numbers/disease_definitions.py	"python3 -c ""import sys; sys.path[:0]=['.','analysis/numbers']; import disease_definitions as D; print(len(D.DISEASES), len(D.RANKING_EXCLUDE), len(D.NEGATIVE_CONTROLS), len(D.CIRCULAR))"""	YES
Abstract	127	rank of total sleep duration among the 141 parameters	ranking_v3.csv	"feature == ""TST_min"""	rank	analysis/numbers/build_ranking_v3.py	T90_FULL_NIGHTS_ONLY=1 python3 analysis/numbers/build_ranking_v3.py current   # step 105	YES
Abstract	35	outcomes positively associated with T90	bdsp_diseases_v3.csv	the 53 rows with negative_control == False	count(BH(t90_p over the 53) < 0.05 and t90_hr > 1)	analysis/numbers/run_primary_unpenalized.py	python3 analysis/numbers/run_primary_unpenalized.py   # step 111	YES
Abstract	53	outcomes T90 was tested against (the 55 study outcomes less the three that are negative controls, plus the cardiovascular composite)	bdsp_diseases_v3.csv	negative_control == False	len(rows)	analysis/numbers/run_primary_unpenalized.py	python3 analysis/numbers/run_primary_unpenalized.py   # step 111	YES
Abstract	1.66	cirrhosis, hazard ratio per 1 SD	bdsp_diseases_v3.csv	"key == ""cirrhosis"""	t90_hr	analysis/numbers/run_primary_unpenalized.py	python3 analysis/numbers/run_primary_unpenalized.py   # step 111	ROUNDS (1.6597295143063238)
Abstract	1.43	cirrhosis, lower 95% CI bound	bdsp_diseases_v3.csv	"key == ""cirrhosis"""	t90_lo	analysis/numbers/run_primary_unpenalized.py	python3 analysis/numbers/run_primary_unpenalized.py   # step 111	ROUNDS (1.4343944219548868)
Abstract	1.92	cirrhosis, upper 95% CI bound	bdsp_diseases_v3.csv	"key == ""cirrhosis"""	t90_hi	analysis/numbers/run_primary_unpenalized.py	python3 analysis/numbers/run_primary_unpenalized.py   # step 111	ROUNDS (1.9204634502867186)
Abstract	1.60	heart failure, hazard ratio per 1 SD	bdsp_diseases_v3.csv	"key == ""hf"""	t90_hr	analysis/numbers/run_primary_unpenalized.py	python3 analysis/numbers/run_primary_unpenalized.py   # step 111	ROUNDS (1.6018551142658137)
Abstract	1.50	heart failure, lower 95% CI bound	bdsp_diseases_v3.csv	"key == ""hf"""	t90_lo	analysis/numbers/run_primary_unpenalized.py	python3 analysis/numbers/run_primary_unpenalized.py   # step 111	ROUNDS (1.5036301987125968)
Abstract	1.71	heart failure, upper 95% CI bound	bdsp_diseases_v3.csv	"key == ""hf"""	t90_hi	analysis/numbers/run_primary_unpenalized.py	python3 analysis/numbers/run_primary_unpenalized.py   # step 111	ROUNDS (1.7064965902497118)
Abstract	1.50	type 2 diabetes, hazard ratio per 1 SD	bdsp_diseases_v3.csv	"key == ""diabetes"""	t90_hr	analysis/numbers/run_primary_unpenalized.py	python3 analysis/numbers/run_primary_unpenalized.py   # step 111	ROUNDS (1.4978732919691928)
Abstract	1.42	type 2 diabetes, lower 95% CI bound	bdsp_diseases_v3.csv	"key == ""diabetes"""	t90_lo	analysis/numbers/run_primary_unpenalized.py	python3 analysis/numbers/run_primary_unpenalized.py   # step 111	ROUNDS (1.4161900145171438)
Abstract	1.58	type 2 diabetes, upper 95% CI bound	bdsp_diseases_v3.csv	"key == ""diabetes"""	t90_hi	analysis/numbers/run_primary_unpenalized.py	python3 analysis/numbers/run_primary_unpenalized.py   # step 111	ROUNDS (1.5842679130593929)
Abstract	8,713	additional PSG recordings in the two community cohorts	cohorts.json	-	shhs.n_analysis + mros.n_analysis	analysis/numbers/freeze_01_cohorts.py	python3 analysis/numbers/freeze_01_cohorts.py   # step 101	YES
Abstract	15,551	recordings diagnostic for the whole night, the ranking cohort	ranking_v3_provenance.json	-	cohort_n	analysis/numbers/build_ranking_v3.py	T90_FULL_NIGHTS_ONLY=1 python3 analysis/numbers/build_ranking_v3.py current   # step 105	YES
Abstract	3,622	split-night studies excluded from the ranking	$T90_TABLES_DIR/t90_final.parquet.provenance.json	-	extra.split_ok	oximetry_extraction/E2_tables/scripts/build_v8_tables.py	python3 oximetry_extraction/E2_tables/scripts/build_v8_tables.py   # step 050	YES
Results	19,173	adults in the primary cohort	cohorts.json	-	bdsp.n_analysis	analysis/numbers/freeze_01_cohorts.py	python3 analysis/numbers/freeze_01_cohorts.py   # step 101	YES
Results	57	median age, years	cohorts.json	-	bdsp.age.median	analysis/numbers/freeze_01_cohorts.py	python3 analysis/numbers/freeze_01_cohorts.py   # step 101	YES
Results	43	age interquartile range, lower bound	cohorts.json	-	bdsp.age.q1	analysis/numbers/freeze_01_cohorts.py	python3 analysis/numbers/freeze_01_cohorts.py   # step 101	YES
Results	68	age interquartile range, upper bound	cohorts.json	-	bdsp.age.q3	analysis/numbers/freeze_01_cohorts.py	python3 analysis/numbers/freeze_01_cohorts.py   # step 101	YES
Results	52.3%	male share of the primary cohort	cohorts.json	-	bdsp.male_pct	analysis/numbers/freeze_01_cohorts.py	python3 analysis/numbers/freeze_01_cohorts.py   # step 101	YES
Results	39%	share recorded as obese (obesity diagnosis)	demographics_bdsp.json	-	obesity_diagnosis_pct	analysis/numbers/freeze_02_demographics.py	python3 analysis/numbers/freeze_02_demographics.py   # step 102	YES
Results	5.5	median total sleep time, hours	cohorts.json	-	bdsp.tst_hours.median	analysis/numbers/freeze_01_cohorts.py	python3 analysis/numbers/freeze_01_cohorts.py   # step 101	ROUNDS (5.49)
Results	4.6	total sleep time IQR, lower bound, hours	cohorts.json	-	bdsp.tst_hours.q1	analysis/numbers/freeze_01_cohorts.py	python3 analysis/numbers/freeze_01_cohorts.py   # step 101	ROUNDS (4.56)
Results	6.2	total sleep time IQR, upper bound, hours	cohorts.json	-	bdsp.tst_hours.q3	analysis/numbers/freeze_01_cohorts.py	python3 analysis/numbers/freeze_01_cohorts.py   # step 101	ROUNDS (6.22)
Results	21.5	median apnea-hypopnea index	cohorts.json	-	bdsp.ahi.median	analysis/numbers/freeze_01_cohorts.py	python3 analysis/numbers/freeze_01_cohorts.py   # step 101	YES
Results	9.7	AHI interquartile range, lower bound	cohorts.json	-	bdsp.ahi.q1	analysis/numbers/freeze_01_cohorts.py	python3 analysis/numbers/freeze_01_cohorts.py   # step 101	YES
Results	41.9	AHI interquartile range, upper bound	cohorts.json	-	bdsp.ahi.q3	analysis/numbers/freeze_01_cohorts.py	python3 analysis/numbers/freeze_01_cohorts.py   # step 101	YES
Results	12.5%	share of the defined-AHI recordings with an AHI below 5	crosstab_v2.json	"rows[0], category ""None (AHI <5)"""	100 * rows[0].n / n	analysis/numbers/run_crosstab_v2.py	python3 analysis/numbers/run_crosstab_v2.py   # step 113	ROUNDS (12.517103606808604)
Results	18,271	recordings with a defined AHI	crosstab_v2.json	-	n	analysis/numbers/run_crosstab_v2.py	python3 analysis/numbers/run_crosstab_v2.py   # step 113	YES
Results	5	AHI cut-off defining no sleep apnea (events per hour)	crosstab_v2.json	-	"rows[0].category (""None (AHI <5)"")"	analysis/numbers/run_crosstab_v2.py	python3 analysis/numbers/run_crosstab_v2.py   # step 113	YES (a setting, proved present in the named output file)
Results	37.1%	share of the defined-AHI recordings with severe sleep apnea (AHI 30 or more)	crosstab_v2.json	"rows[3], category ""Severe (AHI >=30)"""	100 * rows[3].n / n	analysis/numbers/run_crosstab_v2.py	python3 analysis/numbers/run_crosstab_v2.py   # step 113	ROUNDS (37.05872694433802)
Results	30	AHI cut-off for severe sleep apnea (events per hour)	crosstab_v2.json	-	"rows[3].category (""Severe (AHI >=30)"")"	analysis/numbers/run_crosstab_v2.py	python3 analysis/numbers/run_crosstab_v2.py   # step 113	YES (a setting, proved present in the named output file)
Results	4.4	median follow-up, years	cohorts.json	-	bdsp.followup_years.median	analysis/numbers/freeze_01_cohorts.py	python3 analysis/numbers/freeze_01_cohorts.py   # step 101	ROUNDS (4.43)
Results	141	parameters derived from the recordings	ranking_v3_provenance.json	-	measures	analysis/numbers/build_ranking_v3.py	T90_FULL_NIGHTS_ONLY=1 python3 analysis/numbers/build_ranking_v3.py current   # step 105	YES
Results	52	outcomes the ranking averaged over	ranking_v3_provenance.json	-	outcomes	analysis/numbers/build_ranking_v3.py	T90_FULL_NIGHTS_ONLY=1 python3 analysis/numbers/build_ranking_v3.py current   # step 105	YES
Results	51	of the 55 study outcomes that entered the ranking (the four the sleep study itself can reveal left out)	$REPO/analysis/numbers/disease_definitions.py	DISEASES, RANKING_EXCLUDE, CIRCULAR	len(DISEASES) - len(RANKING_EXCLUDE) - len(CIRCULAR)	analysis/numbers/disease_definitions.py	"python3 -c ""import sys; sys.path[:0]=['.','analysis/numbers']; import disease_definitions as D; print(len(D.DISEASES), len(D.RANKING_EXCLUDE), len(D.NEGATIVE_CONTROLS), len(D.CIRCULAR))"""	YES
Results	55	study outcomes (54 conditions and death)	$REPO/analysis/numbers/disease_definitions.py	DISEASES, RANKING_EXCLUDE	len(DISEASES) - len(RANKING_EXCLUDE)	analysis/numbers/disease_definitions.py	"python3 -c ""import sys; sys.path[:0]=['.','analysis/numbers']; import disease_definitions as D; print(len(D.DISEASES), len(D.RANKING_EXCLUDE), len(D.NEGATIVE_CONTROLS), len(D.CIRCULAR))"""	YES
Results	15,551	recordings diagnostic for the whole night, the ranking cohort	ranking_v3_provenance.json	-	cohort_n	analysis/numbers/build_ranking_v3.py	T90_FULL_NIGHTS_ONLY=1 python3 analysis/numbers/build_ranking_v3.py current   # step 105	YES
Results	7	of the 141 parameters that assessed oxygen levels	$REPO/analysis/numbers/measure_families.csv	"family == ""Oxygenation"""	len(rows)	oximetry_extraction/E1_live/scripts/build_measure_families_v8.py	python3 oximetry_extraction/E1_live/scripts/build_measure_families_v8.py   # step 030	YES
Results	141	parameters in the candidate pool	$REPO/analysis/numbers/measure_families.csv	all rows	len(rows)	oximetry_extraction/E1_live/scripts/build_measure_families_v8.py	python3 oximetry_extraction/E1_live/scripts/build_measure_families_v8.py   # step 030	YES
Results	99	parameters that assessed EEG spectral or microstructural features	$REPO/analysis/numbers/measure_families.csv	"family in (""Brain, spectral power"", ""Brain, microstructure"")"	len(rows)	oximetry_extraction/E1_live/scripts/build_measure_families_v8.py	python3 oximetry_extraction/E1_live/scripts/build_measure_families_v8.py   # step 030	YES
Results	0.020	T90 gain in the C statistic, the largest of the 141 parameters	ranking_v3.csv	"feature == ""spo2_pct_below_90"""	dC	analysis/numbers/build_ranking_v3.py	T90_FULL_NIGHTS_ONLY=1 python3 analysis/numbers/build_ranking_v3.py current   # step 105	ROUNDS (0.020115093305104262)
Results	1	rank of T90 among the 141 parameters	ranking_v3.csv	"feature == ""spo2_pct_below_90"""	rank	analysis/numbers/build_ranking_v3.py	T90_FULL_NIGHTS_ONLY=1 python3 analysis/numbers/build_ranking_v3.py current   # step 105	YES
Results	0.184	T90 discrimination gain for obesity hypoventilation, the largest per-outcome gain	$T90_SV_ROOT/dC_per_disease/dC_per_disease.csv	"row_type == ""disease"" and arm == ""standard"" and outcome == ""obesity_hypovent"""	dC	analysis/sleep_variability/dC_per_disease/p02_assemble.py	T90_FULL_NIGHTS_ONLY=1 python3 analysis/sleep_variability/dC_per_disease/p02_assemble.py   # step 176	ROUNDS (0.18392693074476524)
Results	0.60	C statistic of age and sex alone for obesity hypoventilation	$T90_SV_ROOT/dC_per_disease/dC_per_disease.csv	"row_type == ""disease"" and arm == ""standard"" and outcome == ""obesity_hypovent"""	c_agesex_mean	analysis/sleep_variability/dC_per_disease/p02_assemble.py	T90_FULL_NIGHTS_ONLY=1 python3 analysis/sleep_variability/dC_per_disease/p02_assemble.py   # step 176	ROUNDS (0.6029811174603159)
Results	0.79	C statistic with T90 added, obesity hypoventilation	$T90_SV_ROOT/dC_per_disease/dC_per_disease.csv	"row_type == ""disease"" and arm == ""standard"" and outcome == ""obesity_hypovent"""	c_agesex_t90_mean	analysis/sleep_variability/dC_per_disease/p02_assemble.py	T90_FULL_NIGHTS_ONLY=1 python3 analysis/sleep_variability/dC_per_disease/p02_assemble.py   # step 176	ROUNDS (0.7869080482050811)
Results	0.153	T90 discrimination gain for cirrhosis	$T90_SV_ROOT/dC_per_disease/dC_per_disease.csv	"row_type == ""disease"" and arm == ""standard"" and outcome == ""cirrhosis"""	dC	analysis/sleep_variability/dC_per_disease/p02_assemble.py	T90_FULL_NIGHTS_ONLY=1 python3 analysis/sleep_variability/dC_per_disease/p02_assemble.py   # step 176	ROUNDS (0.15263495625712195)
Results	0.090	T90 discrimination gain for respiratory failure	$T90_SV_ROOT/dC_per_disease/dC_per_disease.csv	"row_type == ""disease"" and arm == ""standard"" and outcome == ""resp_failure"""	dC	analysis/sleep_variability/dC_per_disease/p02_assemble.py	T90_FULL_NIGHTS_ONLY=1 python3 analysis/sleep_variability/dC_per_disease/p02_assemble.py   # step 176	ROUNDS (0.09009529979714886)
Results	0.056	T90 discrimination gain for type 2 diabetes	$T90_SV_ROOT/dC_per_disease/dC_per_disease.csv	"row_type == ""disease"" and arm == ""standard"" and outcome == ""diabetes"""	dC	analysis/sleep_variability/dC_per_disease/p02_assemble.py	T90_FULL_NIGHTS_ONLY=1 python3 analysis/sleep_variability/dC_per_disease/p02_assemble.py   # step 176	ROUNDS (0.056315648047708056)
Results	0.039	T90 discrimination gain for heart failure	$T90_SV_ROOT/dC_per_disease/dC_per_disease.csv	"row_type == ""disease"" and arm == ""standard"" and outcome == ""hf"""	dC	analysis/sleep_variability/dC_per_disease/p02_assemble.py	T90_FULL_NIGHTS_ONLY=1 python3 analysis/sleep_variability/dC_per_disease/p02_assemble.py   # step 176	ROUNDS (0.039356472804809195)
Results	26	outcomes whose T90 gain was significant (bootstrap 95% CI above zero)	$T90_SV_ROOT/dC_per_disease/dC_per_disease.csv	"row_type == ""disease"" and arm == ""standard"""	count(excludes_zero == True)	analysis/sleep_variability/dC_per_disease/p02_assemble.py	T90_FULL_NIGHTS_ONLY=1 python3 analysis/sleep_variability/dC_per_disease/p02_assemble.py   # step 176	YES
Results	52	ranked outcomes the per-outcome gains were computed for	$T90_SV_ROOT/dC_per_disease/dC_per_disease.csv	"row_type == ""disease"" and arm == ""standard"""	len(rows)	analysis/sleep_variability/dC_per_disease/p02_assemble.py	T90_FULL_NIGHTS_ONLY=1 python3 analysis/sleep_variability/dC_per_disease/p02_assemble.py   # step 176	YES
Results	12	of the 26 that stayed significant after a 2-year landmark	$T90_SV_ROOT/dC_per_disease/dC_per_disease.csv	"row_type == ""disease"", arms ""standard"" and ""lag2"""	count(excludes_zero == True in both arms)	analysis/sleep_variability/dC_per_disease/p02_assemble.py	T90_FULL_NIGHTS_ONLY=1 python3 analysis/sleep_variability/dC_per_disease/p02_assemble.py   # step 176	YES
Results	2	landmark, years of follow-up set aside	$T90_SV_ROOT/dC_per_disease/dC_per_disease.csv	"arm == ""lag2"""	landmark_years	analysis/sleep_variability/dC_per_disease/p02_assemble.py	T90_FULL_NIGHTS_ONLY=1 python3 analysis/sleep_variability/dC_per_disease/p02_assemble.py   # step 176	YES
Results	1	T90 category cut-off: lowest T90 category, up to 1% of the recording below 90%	results_v2.json	"cohort.t90_bands_n key ""0-1%"""	band label	analysis/numbers/run_all_v2.py	python3 analysis/numbers/run_all_v2.py   # step 112	YES (a setting, proved present in the named output file)
Results	5	T90 category cut-off: second T90 category, upper edge	results_v2.json	"cohort.t90_bands_n key ""1-5%"""	band label	analysis/numbers/run_all_v2.py	python3 analysis/numbers/run_all_v2.py   # step 112	YES (a setting, proved present in the named output file)
Results	10	T90 category cut-off: third T90 category, upper edge	results_v2.json	"cohort.t90_bands_n key ""5-10%"""	band label	analysis/numbers/run_all_v2.py	python3 analysis/numbers/run_all_v2.py   # step 112	YES (a setting, proved present in the named output file)
Results	1	percentage points of saturation the T90-at-most-1% group stayed within, across the night and across sleep stages	$T90_SV_ROOT/oxygen_profile/overnight_profile_summary.json	"band le1 (""T90 1% or less"")"	max(deciles_by_band.le1[*].median) - min(...) and max(stages_by_band.le1[*].median) - min(...)	analysis/sleep_variability/oxygen_profile/b01_profile.py	python3 analysis/sleep_variability/oxygen_profile/b01_profile.py   # step 153	YES (bound holds: the file has 0.8126365176420478, under the printed 1)
Results	17	rank of the apnea-hypopnea index among the 141 parameters	ranking_v3.csv	"feature == ""AHI"""	rank	analysis/numbers/build_ranking_v3.py	T90_FULL_NIGHTS_ONLY=1 python3 analysis/numbers/build_ranking_v3.py current   # step 105	YES
Results	58	rank of the arousal index	ranking_v3.csv	"feature == ""arousal_index"""	rank	analysis/numbers/build_ranking_v3.py	T90_FULL_NIGHTS_ONLY=1 python3 analysis/numbers/build_ranking_v3.py current   # step 105	YES
Results	107	rank of slow-wave sleep (N3 percentage)	ranking_v3.csv	"feature == ""N3_pct"""	rank	analysis/numbers/build_ranking_v3.py	T90_FULL_NIGHTS_ONLY=1 python3 analysis/numbers/build_ranking_v3.py current   # step 105	YES
Results	127	rank of total sleep time	ranking_v3.csv	"feature == ""TST_min"""	rank	analysis/numbers/build_ranking_v3.py	T90_FULL_NIGHTS_ONLY=1 python3 analysis/numbers/build_ranking_v3.py current   # step 105	YES
Results	129	rank of sleep efficiency	ranking_v3.csv	"feature == ""sleep_efficiency_pct"""	rank	analysis/numbers/build_ranking_v3.py	T90_FULL_NIGHTS_ONLY=1 python3 analysis/numbers/build_ranking_v3.py current   # step 105	YES
Results	0.003	ceiling on the C-statistic gain from total sleep time, corrected for night-to-night variability	tst_ceiling.json	"ladder[0], scenario ""Observed, 415 repeat nights, ICC 0.482"", law sqrt"	dC_ceiling	figures/New_Figures/_NOT_THESE_workfiles/scripts/make_efig15_tst_ceiling.py	T90_FULL_NIGHTS_ONLY=1 python3 figures/New_Figures/_NOT_THESE_workfiles/scripts/make_efig15_tst_ceiling.py   # step 143	ROUNDS (0.0029600950427111335)
Results	0.020	T90 gain in the C statistic, for comparison with total sleep time	ranking_v3.csv	"feature == ""spo2_pct_below_90"""	dC	analysis/numbers/build_ranking_v3.py	T90_FULL_NIGHTS_ONLY=1 python3 analysis/numbers/build_ranking_v3.py current   # step 105	ROUNDS (0.020115093305104262)
Results	4	sleep-duration threshold tested (4 hours)	extras_v2.json	"short_sleep key ""<4h"""	threshold label	analysis/numbers/run_extras_v2.py	python3 analysis/numbers/run_extras_v2.py   # step 114	YES (a setting, proved present in the named output file)
Results	5	sleep-duration threshold tested (5 hours)	extras_v2.json	"short_sleep key ""<5h"""	threshold label	analysis/numbers/run_extras_v2.py	python3 analysis/numbers/run_extras_v2.py   # step 114	YES (a setting, proved present in the named output file)
Results	6	sleep-duration threshold tested (6 hours)	extras_v2.json	"short_sleep key ""<6h"""	threshold label	analysis/numbers/run_extras_v2.py	python3 analysis/numbers/run_extras_v2.py   # step 114	YES (a setting, proved present in the named output file)
Results	7	sleep-duration threshold tested (7 hours)	extras_v2.json	"short_sleep key ""<7h"""	threshold label	analysis/numbers/run_extras_v2.py	python3 analysis/numbers/run_extras_v2.py   # step 114	YES (a setting, proved present in the named output file)
Results	5	leading oxygen parameters combined	combination_v2.json	-	len(single)	analysis/numbers/run_combo_v2.py	T90_FULL_NIGHTS_ONLY=1 python3 analysis/numbers/run_combo_v2.py   # step 116	YES
Results	70	pairs of PSG parameters tested for interaction	extras2_v2.json	-	interactions.n_tested	analysis/numbers/run_extras2_v2.py	python3 analysis/numbers/run_extras2_v2.py   # step 115	YES
Results	4	pairs with an interaction at an uncorrected P below 0.05	extras2_v2.json	-	interactions.n_significant	analysis/numbers/run_extras2_v2.py	python3 analysis/numbers/run_extras2_v2.py   # step 115	YES
Results	0.05	uncorrected P threshold for the interaction screen	extras2_v2.json	interactions.significant[*]	max(interaction_p)	analysis/numbers/run_extras2_v2.py	python3 analysis/numbers/run_extras2_v2.py   # step 115	YES (bound holds: the file has 0.009208339009929845, under the printed 0.05)
Results	3	of the four interacting pairs that involve nocturnal oxygenation	extras2_v2.json	interactions.significant[*]	"count(marker1 or marker2 contains ""Oxygen"")"	analysis/numbers/run_extras2_v2.py	python3 analysis/numbers/run_extras2_v2.py   # step 115	YES
Results	95%	confidence level of every interval the paper prints	bdsp_diseases_v3.csv	all 58 rows	t90_lo, t90_hi (Wald bounds, log-symmetric about t90_hr on every row)	analysis/numbers/run_primary_unpenalized.py	python3 analysis/numbers/run_primary_unpenalized.py   # step 111	YES (a setting, proved present in the named output file)
Results	1	standard deviations of the exposure a hazard ratio is expressed per	$T90_FIGURE_ROOT/ROUND54_2026-09-28/lanes/L2/Main_Fig2/work/panel_b_drawn.json	-	"model (""HR per 1 SD"")"	figures/ROUND54_2026-09-28/lanes/L2/Main_Fig2/scripts/01_build_b_r54.py	python3 figures/ROUND54_2026-09-28/lanes/L2/Main_Fig2/scripts/01_build_b_r54.py   # figure lane, no RUN_ORDER step	YES (a setting, proved present in the named output file)
Results	35	outcomes positively associated with T90	bdsp_diseases_v3.csv	the 53 rows with negative_control == False	count(BH(t90_p over the 53) < 0.05 and t90_hr > 1)	analysis/numbers/run_primary_unpenalized.py	python3 analysis/numbers/run_primary_unpenalized.py   # step 111	YES
Results	53	outcomes tested	bdsp_diseases_v3.csv	negative_control == False	len(rows)	analysis/numbers/run_primary_unpenalized.py	python3 analysis/numbers/run_primary_unpenalized.py   # step 111	YES
Results	55	study outcomes	$REPO/analysis/numbers/disease_definitions.py	DISEASES, RANKING_EXCLUDE	len(DISEASES) - len(RANKING_EXCLUDE)	analysis/numbers/disease_definitions.py	"python3 -c ""import sys; sys.path[:0]=['.','analysis/numbers']; import disease_definitions as D; print(len(D.DISEASES), len(D.RANKING_EXCLUDE), len(D.NEGATIVE_CONTROLS), len(D.CIRCULAR))"""	YES
Results	3	of the 55 study outcomes that serve as negative controls	$REPO/analysis/numbers/disease_definitions.py	NEGATIVE_CONTROLS, RANKING_EXCLUDE	len(NEGATIVE_CONTROLS) - len(RANKING_EXCLUDE)	analysis/numbers/disease_definitions.py	"python3 -c ""import sys; sys.path[:0]=['.','analysis/numbers']; import disease_definitions as D; print(len(D.DISEASES), len(D.RANKING_EXCLUDE), len(D.NEGATIVE_CONTROLS), len(D.CIRCULAR))"""	YES
Results	3.33	obesity hypoventilation, HR per 1 SD	bdsp_diseases_v3.csv	"key == ""obesity_hypovent"""	t90_hr	analysis/numbers/run_primary_unpenalized.py	python3 analysis/numbers/run_primary_unpenalized.py   # step 111	ROUNDS (3.3341331127918714)
Results	2.94	obesity hypoventilation, lower 95% CI	bdsp_diseases_v3.csv	"key == ""obesity_hypovent"""	t90_lo	analysis/numbers/run_primary_unpenalized.py	python3 analysis/numbers/run_primary_unpenalized.py   # step 111	ROUNDS (2.944986355036064)
Results	3.77	obesity hypoventilation, upper 95% CI	bdsp_diseases_v3.csv	"key == ""obesity_hypovent"""	t90_hi	analysis/numbers/run_primary_unpenalized.py	python3 analysis/numbers/run_primary_unpenalized.py   # step 111	ROUNDS (3.774701229024567)
Results	1.89	respiratory failure, HR per 1 SD	bdsp_diseases_v3.csv	"key == ""resp_failure"""	t90_hr	analysis/numbers/run_primary_unpenalized.py	python3 analysis/numbers/run_primary_unpenalized.py   # step 111	ROUNDS (1.8936293872480014)
Results	1.77	respiratory failure, lower 95% CI	bdsp_diseases_v3.csv	"key == ""resp_failure"""	t90_lo	analysis/numbers/run_primary_unpenalized.py	python3 analysis/numbers/run_primary_unpenalized.py   # step 111	ROUNDS (1.7677600913242126)
Results	2.03	respiratory failure, upper 95% CI	bdsp_diseases_v3.csv	"key == ""resp_failure"""	t90_hi	analysis/numbers/run_primary_unpenalized.py	python3 analysis/numbers/run_primary_unpenalized.py   # step 111	ROUNDS (2.0284609172068864)
Results	1.69	interstitial lung disease, HR per 1 SD	bdsp_diseases_v3.csv	"key == ""ild"""	t90_hr	analysis/numbers/run_primary_unpenalized.py	python3 analysis/numbers/run_primary_unpenalized.py   # step 111	ROUNDS (1.6884221603714782)
Results	1.50	interstitial lung disease, lower 95% CI	bdsp_diseases_v3.csv	"key == ""ild"""	t90_lo	analysis/numbers/run_primary_unpenalized.py	python3 analysis/numbers/run_primary_unpenalized.py   # step 111	ROUNDS (1.496170491876464)
Results	1.91	interstitial lung disease, upper 95% CI	bdsp_diseases_v3.csv	"key == ""ild"""	t90_hi	analysis/numbers/run_primary_unpenalized.py	python3 analysis/numbers/run_primary_unpenalized.py   # step 111	ROUNDS (1.9053773664912461)
Results	1.68	COPD, HR per 1 SD	bdsp_diseases_v3.csv	"key == ""copd2"""	t90_hr	analysis/numbers/run_primary_unpenalized.py	python3 analysis/numbers/run_primary_unpenalized.py   # step 111	ROUNDS (1.6831521028085885)
Results	1.55	COPD, lower 95% CI	bdsp_diseases_v3.csv	"key == ""copd2"""	t90_lo	analysis/numbers/run_primary_unpenalized.py	python3 analysis/numbers/run_primary_unpenalized.py   # step 111	ROUNDS (1.5522082967875235)
Results	1.83	COPD, upper 95% CI	bdsp_diseases_v3.csv	"key == ""copd2"""	t90_hi	analysis/numbers/run_primary_unpenalized.py	python3 analysis/numbers/run_primary_unpenalized.py   # step 111	ROUNDS (1.825142287315562)
Results	1.61	pulmonary hypertension, HR per 1 SD	bdsp_diseases_v3.csv	"key == ""pulm_htn"""	t90_hr	analysis/numbers/run_primary_unpenalized.py	python3 analysis/numbers/run_primary_unpenalized.py   # step 111	ROUNDS (1.6122184109407744)
Results	1.49	pulmonary hypertension, lower 95% CI	bdsp_diseases_v3.csv	"key == ""pulm_htn"""	t90_lo	analysis/numbers/run_primary_unpenalized.py	python3 analysis/numbers/run_primary_unpenalized.py   # step 111	ROUNDS (1.4949024955954027)
Results	1.74	pulmonary hypertension, upper 95% CI	bdsp_diseases_v3.csv	"key == ""pulm_htn"""	t90_hi	analysis/numbers/run_primary_unpenalized.py	python3 analysis/numbers/run_primary_unpenalized.py   # step 111	ROUNDS (1.7387409628620258)
Results	1.60	heart failure, HR per 1 SD	bdsp_diseases_v3.csv	"key == ""hf"""	t90_hr	analysis/numbers/run_primary_unpenalized.py	python3 analysis/numbers/run_primary_unpenalized.py   # step 111	ROUNDS (1.6018551142658137)
Results	1.50	heart failure, lower 95% CI	bdsp_diseases_v3.csv	"key == ""hf"""	t90_lo	analysis/numbers/run_primary_unpenalized.py	python3 analysis/numbers/run_primary_unpenalized.py   # step 111	ROUNDS (1.5036301987125968)
Results	1.71	heart failure, upper 95% CI	bdsp_diseases_v3.csv	"key == ""hf"""	t90_hi	analysis/numbers/run_primary_unpenalized.py	python3 analysis/numbers/run_primary_unpenalized.py   # step 111	ROUNDS (1.7064965902497118)
Results	5	negative-control outcomes chosen in advance	negcontrols_final.json	-	n_controls	analysis/numbers/make_negcontrols_final.py	python3 analysis/numbers/make_negcontrols_final.py   # step 205	YES
Results	0.95	lowest hazard ratio among the five negative controls	bdsp_diseases_v3.csv	negative_control == True	min(t90_hr)	analysis/numbers/run_primary_unpenalized.py	python3 analysis/numbers/run_primary_unpenalized.py   # step 111	ROUNDS (0.9450594121825061)
Results	1.09	highest hazard ratio among the five negative controls, the confounding floor	bdsp_diseases_v3.csv	negative_control == True	max(t90_hr)	analysis/numbers/run_primary_unpenalized.py	python3 analysis/numbers/run_primary_unpenalized.py   # step 111	ROUNDS (1.090967993581576)
Results	1	landmark: diagnoses within the first 1 year(s) of follow-up excluded	lag_ladder.csv	lag == 1	lag (landmark years present in the file)	figures/New_Figures/_NOT_THESE_workfiles/scripts/lagladder.py	python3 figures/New_Figures/_NOT_THESE_workfiles/scripts/lagladder.py   # step 130	YES (a setting, proved present in the named output file)
Results	2	landmark: diagnoses within the first 2 year(s) of follow-up excluded	lag_ladder.csv	lag == 2	lag (landmark years present in the file)	figures/New_Figures/_NOT_THESE_workfiles/scripts/lagladder.py	python3 figures/New_Figures/_NOT_THESE_workfiles/scripts/lagladder.py   # step 130	YES (a setting, proved present in the named output file)
Results	5	landmark: diagnoses within the first 5 year(s) of follow-up excluded	lag_ladder.csv	lag == 5	lag (landmark years present in the file)	figures/New_Figures/_NOT_THESE_workfiles/scripts/lagladder.py	python3 figures/New_Figures/_NOT_THESE_workfiles/scripts/lagladder.py   # step 130	YES (a setting, proved present in the named output file)
Results	27	conditions with a graded increase in risk across the four T90 categories	gaps_v2.json	-	graded.n_monotone_top_significant	analysis/numbers/run_gaps_v2.py	python3 analysis/numbers/run_gaps_v2.py   # step 118	YES
Results	53	conditions the graded pattern was evaluated on (non-control rows)	bdsp_diseases_v3.csv	negative_control == False	len(rows)	analysis/numbers/run_primary_unpenalized.py	python3 analysis/numbers/run_primary_unpenalized.py   # step 111	YES
Results	1.24	graded hazard ratio, heart failure, T90 1 to 5% vs 1% or less	results_v2.json	"graded.outcomes[""Heart failure""]"	1-5%.hr	analysis/numbers/run_all_v2.py	python3 analysis/numbers/run_all_v2.py   # step 112	ROUNDS (1.2374461798742)
Results	1.89	graded hazard ratio, heart failure, T90 5 to 10% vs 1% or less	results_v2.json	"graded.outcomes[""Heart failure""]"	5-10%.hr	analysis/numbers/run_all_v2.py	python3 analysis/numbers/run_all_v2.py   # step 112	ROUNDS (1.8905534067155738)
Results	2.56	graded hazard ratio, heart failure, T90 above 10% vs 1% or less	results_v2.json	"graded.outcomes[""Heart failure""]"	>10%.hr	analysis/numbers/run_all_v2.py	python3 analysis/numbers/run_all_v2.py   # step 112	ROUNDS (2.556498353306762)
Results	1.54	graded hazard ratio, respiratory failure, T90 1 to 5%	results_v2.json	"graded.outcomes[""Respiratory failure""]"	1-5%.hr	analysis/numbers/run_all_v2.py	python3 analysis/numbers/run_all_v2.py   # step 112	ROUNDS (1.5425242904598397)
Results	2.19	graded hazard ratio, respiratory failure, T90 5 to 10%	results_v2.json	"graded.outcomes[""Respiratory failure""]"	5-10%.hr	analysis/numbers/run_all_v2.py	python3 analysis/numbers/run_all_v2.py   # step 112	ROUNDS (2.187330318173631)
Results	3.63	graded hazard ratio, respiratory failure, T90 above 10%	results_v2.json	"graded.outcomes[""Respiratory failure""]"	>10%.hr	analysis/numbers/run_all_v2.py	python3 analysis/numbers/run_all_v2.py   # step 112	ROUNDS (3.626199118247628)
Results	1.51	graded hazard ratio, type 2 diabetes, T90 1 to 5%	results_v2.json	"graded.outcomes[""Type 2 diabetes""]"	1-5%.hr	analysis/numbers/run_all_v2.py	python3 analysis/numbers/run_all_v2.py   # step 112	ROUNDS (1.5090026937350727)
Results	2.06	graded hazard ratio, type 2 diabetes, T90 5 to 10%	results_v2.json	"graded.outcomes[""Type 2 diabetes""]"	5-10%.hr	analysis/numbers/run_all_v2.py	python3 analysis/numbers/run_all_v2.py   # step 112	ROUNDS (2.0551085600550523)
Results	2.38	graded hazard ratio, type 2 diabetes, T90 above 10%	results_v2.json	"graded.outcomes[""Type 2 diabetes""]"	>10%.hr	analysis/numbers/run_all_v2.py	python3 analysis/numbers/run_all_v2.py   # step 112	ROUNDS (2.384730841436104)
Results	5	negative-control outcomes, none of which rose across the T90 categories	gaps_v2.json	-	graded.n_negative_controls_monotone (0 of 5)	analysis/numbers/run_gaps_v2.py	python3 analysis/numbers/run_gaps_v2.py   # step 118	YES
Results	12	strongest associations shown in Figure 2b, beside the negative controls	$T90_FIGURE_ROOT/ROUND54_2026-09-28/lanes/L2/Main_Fig2/work/panel_b_drawn.json	rows, the condition rows (the controls and their header excluded)	len(rows)	figures/ROUND54_2026-09-28/lanes/L2/Main_Fig2/scripts/01_build_b_r54.py	python3 figures/ROUND54_2026-09-28/lanes/L2/Main_Fig2/scripts/01_build_b_r54.py   # figure lane, no RUN_ORDER step	YES
Results	1.09	the level the negative controls reach, drawn as the dotted line of Figure 2a	negcontrols_v4_panel.csv	all five control rows	max(hr)	analysis/numbers/negcontrols_panel_v7.py	python3 analysis/numbers/negcontrols_panel_v7.py   # step 251	ROUNDS (1.090967993581576)
Results	0.001	q threshold the three-star mark of the figures stands for	$T90_FIGURE_ROOT/ROUND54_2026-09-28/lanes/L3/Main_Fig3/work/Main_Fig3_drawn.json	the star key of the sheet	"the drawn key text (""q < 0.001"")"	figures/ROUND54_2026-09-28/lanes/L3/Main_Fig3/scripts/01_build_abc_r54.py	python3 figures/ROUND54_2026-09-28/lanes/L3/Main_Fig3/scripts/01_build_abc_r54.py   # figure lane, no RUN_ORDER step	YES (a setting, proved present in the named output file)
Results	10%	T90 cut-off compared with short sleep	results_v2.json	-	vs_sleep_duration.pct_t90_hi (share above the 10% cut-off)	analysis/numbers/run_all_v2.py	python3 analysis/numbers/run_all_v2.py   # step 112	YES (a setting, proved present in the named output file)
Results	5	short-sleep cut-off, hours	extras_v2.json	"short_sleep key ""<5h"""	threshold label	analysis/numbers/run_extras_v2.py	python3 analysis/numbers/run_extras_v2.py   # step 114	YES (a setting, proved present in the named output file)
Results	30	outcomes where T90 above 10% carried a larger association than sleeping under 5 hours	results_v2.json	vs_sleep_duration.outcomes	count(t90.p < 0.05 and t90.hr > 1 and t90.hr - 1 > short_sleep.hr - 1)	analysis/numbers/run_all_v2.py	python3 analysis/numbers/run_all_v2.py   # step 112	YES
Results	58	outcomes examined in the T90-versus-sleep-duration comparison	results_v2.json	vs_sleep_duration.outcomes	len(outcomes)	analysis/numbers/run_all_v2.py	python3 analysis/numbers/run_all_v2.py   # step 112	YES
Results	28	remaining outcomes (58 less the 30)	results_v2.json	vs_sleep_duration.outcomes	len(outcomes) - the 30	analysis/numbers/run_all_v2.py	python3 analysis/numbers/run_all_v2.py   # step 112	YES
Results	22	outcomes not significantly associated with either measure	results_v2.json	vs_sleep_duration.outcomes	count(t90.p >= 0.05 and short_sleep.p >= 0.05)	analysis/numbers/run_all_v2.py	python3 analysis/numbers/run_all_v2.py   # step 112	YES
Results	5	of the 22 that are negative-control outcomes	results_v2.json	vs_sleep_duration.outcomes	count(neither significant and negative_control == True)	analysis/numbers/run_all_v2.py	python3 analysis/numbers/run_all_v2.py   # step 112	YES
Results	4	outcomes associated with short sleep and not with T90	results_v2.json	vs_sleep_duration.outcomes	count(short_sleep.p < 0.05 and short_sleep.hr > 1 and not in the 30)	analysis/numbers/run_all_v2.py	python3 analysis/numbers/run_all_v2.py   # step 112	YES
Results	1.18	insomnia, hazard ratio for sleeping under 5 hours	results_v2.json	"vs_sleep_duration.outcomes[""Insomnia""]"	short_sleep.hr	analysis/numbers/run_all_v2.py	python3 analysis/numbers/run_all_v2.py   # step 112	ROUNDS (1.1769774153826171)
Results	1.18	cancer, hazard ratio for sleeping under 5 hours	results_v2.json	"vs_sleep_duration.outcomes[""Cancer""]"	short_sleep.hr	analysis/numbers/run_all_v2.py	python3 analysis/numbers/run_all_v2.py   # step 112	ROUNDS (1.1754757427516667)
Results	1.16	anemia, hazard ratio for sleeping under 5 hours	results_v2.json	"vs_sleep_duration.outcomes[""Anemia""]"	short_sleep.hr	analysis/numbers/run_all_v2.py	python3 analysis/numbers/run_all_v2.py   # step 112	ROUNDS (1.156277789725778)
Results	1.15	restless legs syndrome, hazard ratio for sleeping under 5 hours	results_v2.json	"vs_sleep_duration.outcomes[""Restless legs syndrome""]"	short_sleep.hr	analysis/numbers/run_all_v2.py	python3 analysis/numbers/run_all_v2.py   # step 112	ROUNDS (1.1465811882865462)
Results	2	outcomes where T90 showed an inverse association	results_v2.json	vs_sleep_duration.outcomes	count(t90.p < 0.05 and t90.hr < 1)	analysis/numbers/run_all_v2.py	python3 analysis/numbers/run_all_v2.py   # step 112	YES
Results	1.5	multiple of the short-sleep hazard ratio that T90 reached for 21 of the 30 conditions	results_v2.json	vs_sleep_duration.outcomes	count(t90.hr >= 1.5 * short_sleep.hr among the 30) = 21	analysis/numbers/run_all_v2.py	python3 analysis/numbers/run_all_v2.py   # step 112	YES (a setting, proved present in the named output file)
Results	21	of the 30 conditions where the T90 hazard ratio was at least 1.5 times the short-sleep one	results_v2.json	vs_sleep_duration.outcomes	count(t90.hr >= 1.5 * short_sleep.hr among the 30)	analysis/numbers/run_all_v2.py	python3 analysis/numbers/run_all_v2.py   # step 112	YES
Results	5	short-sleep cut-off, hours	$T90_SV_ROOT/dur_x_oxygen_6cell_tst300/summary.json	-	thresholds.tst_short_lt_min (minutes)	analysis/sleep_variability/dur_x_oxygen_6cell_tst300/model.py	T90_FULL_NIGHTS_ONLY=1 python3 analysis/sleep_variability/dur_x_oxygen_6cell_tst300/model.py   # step 136	YES (a setting, proved present in the named output file)
Results	7	long-sleep cut-off, hours	$T90_SV_ROOT/dur_x_oxygen_6cell_tst300/summary.json	-	thresholds.tst_long_gt_min (minutes)	analysis/sleep_variability/dur_x_oxygen_6cell_tst300/model.py	T90_FULL_NIGHTS_ONLY=1 python3 analysis/sleep_variability/dur_x_oxygen_6cell_tst300/model.py   # step 136	YES (a setting, proved present in the named output file)
Results	8.1%	nocturnal hypoxemia prevalence among those sleeping under 5 hours, disease-free stratum	$T90_FIGURE_ROOT/ROUND51_2026-09-26/lanes/LED-A/ED_Fig05/work/ED_Fig05_drawn.json	"panels.b.cuts[""10""]"	pct_short	figures/ROUND51_2026-09-26/lanes/LED-A/ED_Fig05/scripts/01_build.py	python3 figures/ROUND51_2026-09-26/lanes/LED-A/ED_Fig05/scripts/01_build.py   # figure lane, no RUN_ORDER step	ROUNDS (8.113091579594345)
Results	3.9%	nocturnal hypoxemia prevalence among those sleeping 7 hours or more, disease-free stratum	$T90_FIGURE_ROOT/ROUND51_2026-09-26/lanes/LED-A/ED_Fig05/work/ED_Fig05_drawn.json	"panels.b.cuts[""10""]"	pct_ref	figures/ROUND51_2026-09-26/lanes/LED-A/ED_Fig05/scripts/01_build.py	python3 figures/ROUND51_2026-09-26/lanes/LED-A/ED_Fig05/scripts/01_build.py   # figure lane, no RUN_ORDER step	ROUNDS (3.9001560062402496)
Results	2.08	prevalence ratio, short against long sleep	$T90_FIGURE_ROOT/ROUND51_2026-09-26/lanes/LED-A/ED_Fig05/work/ED_Fig05_drawn.json	"panels.b.cuts[""10""]"	pr	figures/ROUND51_2026-09-26/lanes/LED-A/ED_Fig05/scripts/01_build.py	python3 figures/ROUND51_2026-09-26/lanes/LED-A/ED_Fig05/scripts/01_build.py   # figure lane, no RUN_ORDER step	ROUNDS (2.08019668100799)
Results	1.09	median hazard ratio for short sleepers with preserved oxygenation, against the reference cell	$T90_SV_ROOT/dur_x_oxygen_6cell_tst300/summary.json	-	answers.a_short_normal_oxygen_vs_reference.median_hr	analysis/sleep_variability/dur_x_oxygen_6cell_tst300/model.py	T90_FULL_NIGHTS_ONLY=1 python3 analysis/sleep_variability/dur_x_oxygen_6cell_tst300/model.py   # step 136	ROUNDS (1.0889248890490353)
Results	31	outcomes associated with short sleep plus low oxygenation after Benjamini-Hochberg correction	$T90_SV_ROOT/dur_x_oxygen_6cell_tst300/summary.json	-	answers.b_short_low_oxygen_vs_reference.n_significant_fdr	analysis/sleep_variability/dur_x_oxygen_6cell_tst300/model.py	T90_FULL_NIGHTS_ONLY=1 python3 analysis/sleep_variability/dur_x_oxygen_6cell_tst300/model.py   # step 136	YES
Results	49	outcomes with enough events in the short-sleep, low-oxygen cell	$T90_SV_ROOT/dur_x_oxygen_6cell_tst300/summary.json	-	answers.b_short_low_oxygen_vs_reference.n_conditions	analysis/sleep_variability/dur_x_oxygen_6cell_tst300/model.py	T90_FULL_NIGHTS_ONLY=1 python3 analysis/sleep_variability/dur_x_oxygen_6cell_tst300/model.py   # step 136	YES
Results	1.57	median hazard ratio of low against preserved oxygenation within short sleepers	$T90_SV_ROOT/dur_x_oxygen_6cell_tst300/summary.json	-	oxygen_effect_across_strata.median_hr.ox_short	analysis/sleep_variability/dur_x_oxygen_6cell_tst300/model.py	T90_FULL_NIGHTS_ONLY=1 python3 analysis/sleep_variability/dur_x_oxygen_6cell_tst300/model.py   # step 136	ROUNDS (1.5696789109989966)
Results	0.86	median hazard ratio for long sleep with preserved oxygenation, against the reference cell	$T90_SV_ROOT/dur_x_oxygen_6cell_tst300/summary.json	-	answers.c_long_normal_oxygen_vs_reference.median_hr	analysis/sleep_variability/dur_x_oxygen_6cell_tst300/model.py	T90_FULL_NIGHTS_ONLY=1 python3 analysis/sleep_variability/dur_x_oxygen_6cell_tst300/model.py   # step 136	ROUNDS (0.857256061798474)
Results	0.67	interquartile range of that median, lower bound	$T90_SV_ROOT/dur_x_oxygen_6cell_tst300/results.csv	"analysis == ""primary"" and negative_control == False (49 rows)"	q1(LN_hr)	analysis/sleep_variability/dur_x_oxygen_6cell_tst300/model.py	T90_FULL_NIGHTS_ONLY=1 python3 analysis/sleep_variability/dur_x_oxygen_6cell_tst300/model.py   # step 136	ROUNDS (0.6654173980157765)
Results	1.07	interquartile range of that median, upper bound	$T90_SV_ROOT/dur_x_oxygen_6cell_tst300/results.csv	"analysis == ""primary"" and negative_control == False (49 rows)"	q3(LN_hr)	analysis/sleep_variability/dur_x_oxygen_6cell_tst300/model.py	T90_FULL_NIGHTS_ONLY=1 python3 analysis/sleep_variability/dur_x_oxygen_6cell_tst300/model.py   # step 136	ROUNDS (1.065111002611406)
Results	9	outcomes associated with long sleep plus low oxygenation after correction	$T90_SV_ROOT/dur_x_oxygen_6cell_tst300/summary.json	-	answers.d_long_low_oxygen_vs_reference.n_significant_fdr	analysis/sleep_variability/dur_x_oxygen_6cell_tst300/model.py	T90_FULL_NIGHTS_ONLY=1 python3 analysis/sleep_variability/dur_x_oxygen_6cell_tst300/model.py   # step 136	YES
Results	47	outcomes estimable in the long-sleep, low-oxygen cell	$T90_SV_ROOT/dur_x_oxygen_6cell_tst300/summary.json	-	answers.d_long_low_oxygen_vs_reference.n_conditions	analysis/sleep_variability/dur_x_oxygen_6cell_tst300/model.py	T90_FULL_NIGHTS_ONLY=1 python3 analysis/sleep_variability/dur_x_oxygen_6cell_tst300/model.py   # step 136	YES
Results	1.98	median hazard ratio of low against preserved oxygenation within long sleepers	$T90_SV_ROOT/dur_x_oxygen_6cell_tst300/summary.json	-	oxygen_effect_across_strata.median_hr.ox_long	analysis/sleep_variability/dur_x_oxygen_6cell_tst300/model.py	T90_FULL_NIGHTS_ONLY=1 python3 analysis/sleep_variability/dur_x_oxygen_6cell_tst300/model.py   # step 136	ROUNDS (1.978003313423652)
Results	5,295	participants whose usual sleep duration at home was recorded in clinical notes	$T90_SV_ROOT/habitual_outcomes_v2/summary.json	-	step1.n_with_habitual	analysis/sleep_variability/habitual_outcomes_v2/build.py	python3 analysis/sleep_variability/habitual_outcomes_v2/build.py   # step 149	YES
Results	27.6%	share of the cohort with a recorded habitual sleep duration	$T90_SV_ROOT/habitual_outcomes_v2/summary.json	-	step1.pct_with_habitual	analysis/sleep_variability/habitual_outcomes_v2/build.py	python3 analysis/sleep_variability/habitual_outcomes_v2/build.py   # step 149	YES
Results	0.05	Benjamini-Hochberg q threshold for a filled marker	wake_sleep_healthy.json	-	provenance.q_threshold	analysis/numbers/run_wake_sleep_healthy.py	python3 analysis/numbers/run_wake_sleep_healthy.py   # step 121	YES (a setting, proved present in the named output file)
Results	0.01	q threshold the two-star mark stands for	$T90_FIGURE_ROOT/ROUND54_2026-09-28/lanes/L3/Main_Fig3/work/Main_Fig3_drawn.json	the star key of the sheet	"the drawn key text (""q < 0.01"")"	figures/ROUND54_2026-09-28/lanes/L3/Main_Fig3/scripts/01_build_abc_r54.py	python3 figures/ROUND54_2026-09-28/lanes/L3/Main_Fig3/scripts/01_build_abc_r54.py   # figure lane, no RUN_ORDER step	YES (a setting, proved present in the named output file)
Results	6	lower edge of the intermediate sleep-duration band, hours	$T90_SV_ROOT/dur_x_oxygen_6cell_tst300/summary.json	-	thresholds.tst_normal_min (minutes)	analysis/sleep_variability/dur_x_oxygen_6cell_tst300/model.py	T90_FULL_NIGHTS_ONLY=1 python3 analysis/sleep_variability/dur_x_oxygen_6cell_tst300/model.py   # step 136	YES (a setting, proved present in the named output file)
Results	7	upper edge of the intermediate sleep-duration band, hours	$T90_SV_ROOT/dur_x_oxygen_6cell_tst300/summary.json	-	thresholds.tst_normal_max (minutes)	analysis/sleep_variability/dur_x_oxygen_6cell_tst300/model.py	T90_FULL_NIGHTS_ONLY=1 python3 analysis/sleep_variability/dur_x_oxygen_6cell_tst300/model.py   # step 136	YES (a setting, proved present in the named output file)
Results	1%	T90 of the reference cell of Figure 3c	$T90_SV_ROOT/dur_x_oxygen_6cell_tst300/summary.json	-	thresholds.t90_normal_le_pct	analysis/sleep_variability/dur_x_oxygen_6cell_tst300/model.py	T90_FULL_NIGHTS_ONLY=1 python3 analysis/sleep_variability/dur_x_oxygen_6cell_tst300/model.py   # step 136	YES
Results	10%	T90 above which oxygenation counts as low in the crossed analysis	$T90_SV_ROOT/dur_x_oxygen_6cell_tst300/summary.json	-	thresholds.t90_low_gt_pct	analysis/sleep_variability/dur_x_oxygen_6cell_tst300/model.py	T90_FULL_NIGHTS_ONLY=1 python3 analysis/sleep_variability/dur_x_oxygen_6cell_tst300/model.py   # step 136	YES
Results	6,796	recordings with at least 10 minutes of scored wakefulness, so T90 could be split into sleep and wake periods	wake_sleep_healthy.json	-	provenance.n_analysis_set	analysis/numbers/run_wake_sleep_healthy.py	python3 analysis/numbers/run_wake_sleep_healthy.py   # step 121	YES
Results	10	minutes of scored wakefulness required	wake_sleep_healthy.json	-	provenance.min_wake_minutes	analysis/numbers/run_wake_sleep_healthy.py	python3 analysis/numbers/run_wake_sleep_healthy.py   # step 121	YES
Results	11	outcomes sleep-period T90 remained associated with after correction (sleep-only plus both)	wake_sleep_healthy.json	strata.A_full	"class_counts[""sleep only""] + class_counts[""BOTH""]"	analysis/numbers/run_wake_sleep_healthy.py	python3 analysis/numbers/run_wake_sleep_healthy.py   # step 121	YES
Results	1.46	obesity, sleep-period T90 hazard ratio per 1 SD	wake_vs_sleep_t90.csv	"cond == ""Obesity"""	sHR	analysis/numbers/run_wake_sleep_healthy.py	python3 analysis/numbers/run_wake_sleep_healthy.py   # step 121	ROUNDS (1.4603685335257934)
Results	1.01	obesity, wake-period T90 hazard ratio per 1 SD	wake_vs_sleep_t90.csv	"cond == ""Obesity"""	wHR	analysis/numbers/run_wake_sleep_healthy.py	python3 analysis/numbers/run_wake_sleep_healthy.py   # step 121	ROUNDS (1.0147573096472553)
Results	1.32	type 2 diabetes, sleep-period T90	wake_vs_sleep_t90.csv	"cond == ""Type 2 diabetes"""	sHR	analysis/numbers/run_wake_sleep_healthy.py	python3 analysis/numbers/run_wake_sleep_healthy.py   # step 121	ROUNDS (1.3171165451930071)
Results	1.11	type 2 diabetes, wake-period T90	wake_vs_sleep_t90.csv	"cond == ""Type 2 diabetes"""	wHR	analysis/numbers/run_wake_sleep_healthy.py	python3 analysis/numbers/run_wake_sleep_healthy.py   # step 121	ROUNDS (1.1062051376490811)
Results	1.26	hypertension, sleep-period T90	wake_vs_sleep_t90.csv	"cond == ""Hypertension"""	sHR	analysis/numbers/run_wake_sleep_healthy.py	python3 analysis/numbers/run_wake_sleep_healthy.py   # step 121	ROUNDS (1.2559179327196202)
Results	1.02	hypertension, wake-period T90	wake_vs_sleep_t90.csv	"cond == ""Hypertension"""	wHR	analysis/numbers/run_wake_sleep_healthy.py	python3 analysis/numbers/run_wake_sleep_healthy.py   # step 121	ROUNDS (1.0213588861989453)
Results	1.24	peripheral artery disease, sleep-period T90	wake_vs_sleep_t90.csv	"cond == ""Peripheral artery disease"""	sHR	analysis/numbers/run_wake_sleep_healthy.py	python3 analysis/numbers/run_wake_sleep_healthy.py   # step 121	ROUNDS (1.2374353890287753)
Results	1.12	peripheral artery disease, wake-period T90	wake_vs_sleep_t90.csv	"cond == ""Peripheral artery disease"""	wHR	analysis/numbers/run_wake_sleep_healthy.py	python3 analysis/numbers/run_wake_sleep_healthy.py   # step 121	ROUNDS (1.1201293450925454)
Results	1.21	dyslipidemia, sleep-period T90	wake_vs_sleep_t90.csv	"cond == ""Dyslipidemia"""	sHR	analysis/numbers/run_wake_sleep_healthy.py	python3 analysis/numbers/run_wake_sleep_healthy.py   # step 121	ROUNDS (1.2097202460780878)
Results	1.00	dyslipidemia, wake-period T90	wake_vs_sleep_t90.csv	"cond == ""Dyslipidemia"""	wHR	analysis/numbers/run_wake_sleep_healthy.py	python3 analysis/numbers/run_wake_sleep_healthy.py   # step 121	ROUNDS (1.0029822291682715)
Results	1,986	participants without recorded disease at baseline (stratum C)	wake_sleep_healthy.json	strata.C_organ_metab_free	n	analysis/numbers/run_wake_sleep_healthy.py	python3 analysis/numbers/run_wake_sleep_healthy.py   # step 121	YES
Results	8	outcomes sleep-period T90 remained associated with in stratum C	wake_sleep_healthy_C_organ_metab_free.csv	"class in (""sleep only"", ""BOTH"")"	len(rows)	analysis/numbers/run_wake_sleep_healthy.py	python3 analysis/numbers/run_wake_sleep_healthy.py   # step 121	YES
Results	7	of the 8 that pointed toward more disease	wake_sleep_healthy_C_organ_metab_free.csv	"class in (""sleep only"", ""BOTH"")"	count(sHR > 1)	analysis/numbers/run_wake_sleep_healthy.py	python3 analysis/numbers/run_wake_sleep_healthy.py   # step 121	YES
Results	1	of the 8 that pointed toward less disease (a later diagnosis of insomnia)	wake_sleep_healthy_C_organ_metab_free.csv	"class in (""sleep only"", ""BOTH"")"	count(sHR < 1)	analysis/numbers/run_wake_sleep_healthy.py	python3 analysis/numbers/run_wake_sleep_healthy.py   # step 121	YES
Results	0.503	Spearman correlation between apnea severity and T90	crosstab_v2.json	-	spearman	analysis/numbers/run_crosstab_v2.py	python3 analysis/numbers/run_crosstab_v2.py   # step 113	ROUNDS (0.503343926637654)
Results	18,271	participants with a defined AHI	crosstab_v2.json	-	n	analysis/numbers/run_crosstab_v2.py	python3 analysis/numbers/run_crosstab_v2.py   # step 113	YES
Results	6,779	participants with no or mild sleep apnea (AHI below 15)	crosstab_v2.json	"rows3[0], category ""No or mild (AHI <15)"""	n	analysis/numbers/run_crosstab_v2.py	python3 analysis/numbers/run_crosstab_v2.py   # step 113	YES
Results	15	AHI cut-off between mild and moderate apnea	crosstab_v2.json	-	"rows3[0].category (""No or mild (AHI <15)"")"	analysis/numbers/run_crosstab_v2.py	python3 analysis/numbers/run_crosstab_v2.py   # step 113	YES (a setting, proved present in the named output file)
Results	4,721	participants with moderate sleep apnea (AHI 15 to below 30)	crosstab_v2.json	"rows[2], category ""Moderate (AHI 15 to <30)"""	n	analysis/numbers/run_crosstab_v2.py	python3 analysis/numbers/run_crosstab_v2.py   # step 113	YES
Results	6,771	participants with severe sleep apnea (AHI 30 or more)	crosstab_v2.json	"rows[3], category ""Severe (AHI >=30)"""	n	analysis/numbers/run_crosstab_v2.py	python3 analysis/numbers/run_crosstab_v2.py   # step 113	YES
Results	452	of the no-or-mild-apnea group who spent more than 10% of the recording below 90%	crosstab_v2.json	"rows3[0], category ""No or mild (AHI <15)"""	n_>10%	analysis/numbers/run_crosstab_v2.py	python3 analysis/numbers/run_crosstab_v2.py   # step 113	YES
Results	6.7%	share of the no-or-mild-apnea group with T90 above 10%	crosstab_v2.json	"rows3[0], category ""No or mild (AHI <15)"""	pct_>10%	analysis/numbers/run_crosstab_v2.py	python3 analysis/numbers/run_crosstab_v2.py   # step 113	YES
Results	2,018	of the severe-apnea group who spent 1% or less of the recording below 90%	crosstab_v2.json	"rows[3], category ""Severe (AHI >=30)"""	n_0-1%	analysis/numbers/run_crosstab_v2.py	python3 analysis/numbers/run_crosstab_v2.py   # step 113	YES
Results	29.8%	share of the severe-apnea group with T90 of 1% or less	crosstab_v2.json	"rows[3], category ""Severe (AHI >=30)"""	pct_0-1%	analysis/numbers/run_crosstab_v2.py	python3 analysis/numbers/run_crosstab_v2.py   # step 113	YES
Results	17	outcomes with a significantly higher risk at T90 above 10% within the no-or-mild-apnea group	fig3_within_stratum_v1.json	-	len(panel_c_rows_no_or_mild)	figures/FINAL_FIGURES_2026-08-14/_scripts/compute_fig3_within_stratum.py	python3 figures/FINAL_FIGURES_2026-08-14/_scripts/compute_fig3_within_stratum.py   # step 131	YES
Results	6.88	cirrhosis, HR at T90 above 10% within no or mild apnea	fig3_within_stratum_v1.json	"fits[""Cirrhosis""].no_or_mild"	hr	figures/FINAL_FIGURES_2026-08-14/_scripts/compute_fig3_within_stratum.py	python3 figures/FINAL_FIGURES_2026-08-14/_scripts/compute_fig3_within_stratum.py   # step 131	ROUNDS (6.875462663678119)
Results	3.63	cirrhosis, lower 95% CI	fig3_within_stratum_v1.json	"fits[""Cirrhosis""].no_or_mild"	lo	figures/FINAL_FIGURES_2026-08-14/_scripts/compute_fig3_within_stratum.py	python3 figures/FINAL_FIGURES_2026-08-14/_scripts/compute_fig3_within_stratum.py   # step 131	ROUNDS (3.629019059921703)
Results	13.03	cirrhosis, upper 95% CI	fig3_within_stratum_v1.json	"fits[""Cirrhosis""].no_or_mild"	hi	figures/FINAL_FIGURES_2026-08-14/_scripts/compute_fig3_within_stratum.py	python3 figures/FINAL_FIGURES_2026-08-14/_scripts/compute_fig3_within_stratum.py   # step 131	ROUNDS (13.026105969432885)
Results	3.80	interstitial lung disease, HR	fig3_within_stratum_v1.json	"fits[""Interstitial lung disease""].no_or_mild"	hr	figures/FINAL_FIGURES_2026-08-14/_scripts/compute_fig3_within_stratum.py	python3 figures/FINAL_FIGURES_2026-08-14/_scripts/compute_fig3_within_stratum.py   # step 131	ROUNDS (3.8040297164900636)
Results	2.14	interstitial lung disease, lower 95% CI	fig3_within_stratum_v1.json	"fits[""Interstitial lung disease""].no_or_mild"	lo	figures/FINAL_FIGURES_2026-08-14/_scripts/compute_fig3_within_stratum.py	python3 figures/FINAL_FIGURES_2026-08-14/_scripts/compute_fig3_within_stratum.py   # step 131	ROUNDS (2.1397349303905275)
Results	6.76	interstitial lung disease, upper 95% CI	fig3_within_stratum_v1.json	"fits[""Interstitial lung disease""].no_or_mild"	hi	figures/FINAL_FIGURES_2026-08-14/_scripts/compute_fig3_within_stratum.py	python3 figures/FINAL_FIGURES_2026-08-14/_scripts/compute_fig3_within_stratum.py   # step 131	ROUNDS (6.762819954197975)
Results	3.70	respiratory failure, HR	fig3_within_stratum_v1.json	"fits[""Respiratory failure""].no_or_mild"	hr	figures/FINAL_FIGURES_2026-08-14/_scripts/compute_fig3_within_stratum.py	python3 figures/FINAL_FIGURES_2026-08-14/_scripts/compute_fig3_within_stratum.py   # step 131	ROUNDS (3.6951632417820264)
Results	2.61	respiratory failure, lower 95% CI	fig3_within_stratum_v1.json	"fits[""Respiratory failure""].no_or_mild"	lo	figures/FINAL_FIGURES_2026-08-14/_scripts/compute_fig3_within_stratum.py	python3 figures/FINAL_FIGURES_2026-08-14/_scripts/compute_fig3_within_stratum.py   # step 131	ROUNDS (2.6064587408322266)
Results	5.24	respiratory failure, upper 95% CI	fig3_within_stratum_v1.json	"fits[""Respiratory failure""].no_or_mild"	hi	figures/FINAL_FIGURES_2026-08-14/_scripts/compute_fig3_within_stratum.py	python3 figures/FINAL_FIGURES_2026-08-14/_scripts/compute_fig3_within_stratum.py   # step 131	ROUNDS (5.238614051131053)
Results	10%	T90 contrast within each apnea-severity group (above 10% against 10% or less)	fig3_within_stratum_v1.json	-	provenance.contrast	figures/FINAL_FIGURES_2026-08-14/_scripts/compute_fig3_within_stratum.py	python3 figures/FINAL_FIGURES_2026-08-14/_scripts/compute_fig3_within_stratum.py   # step 131	YES (a setting, proved present in the named output file)
Results	4	of the five negative controls testable in the no-or-mild-apnea group	fig3_within_stratum_v1.json	-	len(panel_c_controls_no_or_mild)	figures/FINAL_FIGURES_2026-08-14/_scripts/compute_fig3_within_stratum.py	python3 figures/FINAL_FIGURES_2026-08-14/_scripts/compute_fig3_within_stratum.py   # step 131	YES
Results	5	negative-control outcomes in the panel	fig3_within_stratum_v1.json	-	len(panel_c_controls_no_or_mild) + len(panel_c_controls_absent_no_or_mild)	figures/FINAL_FIGURES_2026-08-14/_scripts/compute_fig3_within_stratum.py	python3 figures/FINAL_FIGURES_2026-08-14/_scripts/compute_fig3_within_stratum.py   # step 131	YES
Results	7	outcomes examined in the severe-apnea group	extras2_v2.json	severe_apnea.outcomes	"count(keys without the ""[NEG]"" suffix)"	analysis/numbers/run_extras2_v2.py	python3 analysis/numbers/run_extras2_v2.py   # step 115	YES
Results	0.034	P for death from any cause in the severe-apnea group	extras2_v2.json	"severe_apnea.outcomes[""Death from any cause""]"	p	analysis/numbers/run_extras2_v2.py	python3 analysis/numbers/run_extras2_v2.py   # step 115	ROUNDS (0.034183617932588124)
Results	2.32	respiratory failure, HR in the severe-apnea group	extras2_v2.json	"severe_apnea.outcomes[""Respiratory failure""]"	hr	analysis/numbers/run_extras2_v2.py	python3 analysis/numbers/run_extras2_v2.py   # step 115	ROUNDS (2.324506556222416)
Results	2.25	COPD, HR in the severe-apnea group	extras2_v2.json	"severe_apnea.outcomes[""COPD""]"	hr	analysis/numbers/run_extras2_v2.py	python3 analysis/numbers/run_extras2_v2.py   # step 115	ROUNDS (2.2533061490256947)
Results	2.14	heart failure, HR in the severe-apnea group	extras2_v2.json	"severe_apnea.outcomes[""Heart failure""]"	hr	analysis/numbers/run_extras2_v2.py	python3 analysis/numbers/run_extras2_v2.py   # step 115	ROUNDS (2.1419892921723798)
Results	5	negative controls tested in the severe-apnea group, none associated	extras2_v2.json	"severe_apnea.outcomes, keys ending ""[NEG]"""	len(keys) with p >= 0.05 on all of them	analysis/numbers/run_extras2_v2.py	python3 analysis/numbers/run_extras2_v2.py   # step 115	YES
Results	4,112	patients studied before and during PAP therapy (the split-night design)	treatment_v2.json	effect_by_stage.sleep	n	analysis/numbers/run_treatment_v2.py	python3 analysis/numbers/run_treatment_v2.py   # step 117	YES
Results	8.0%	median sleep-period T90 before PAP	treatment_v2.json	effect_by_stage.sleep	pre_median	analysis/numbers/run_treatment_v2.py	python3 analysis/numbers/run_treatment_v2.py   # step 117	ROUNDS (8.03)
Results	0.4%	median sleep-period T90 during PAP	treatment_v2.json	effect_by_stage.sleep	post_median	analysis/numbers/run_treatment_v2.py	python3 analysis/numbers/run_treatment_v2.py   # step 117	ROUNDS (0.37)
Results	1,894	patients with pretreatment T90 above 10%	treatment_v3.json	-	counts.n	analysis/numbers/run_treatment_v3.py	python3 analysis/numbers/run_treatment_v3.py   # step 211	YES
Results	1,326	of the 1,894 whose T90 decreased during PAP	treatment_v3.json	-	counts.n_corrected	analysis/numbers/run_treatment_v3.py	python3 analysis/numbers/run_treatment_v3.py   # step 211	YES
Results	568	of the 1,894 whose T90 did not decrease	treatment_v3.json	-	counts.n_not	analysis/numbers/run_treatment_v3.py	python3 analysis/numbers/run_treatment_v3.py   # step 211	YES
Results	10%	pretreatment T90 cut-off defining the treatment-comparison group	treatment_v3.json	-	counts.baseline_not (the >10% group's own baseline median)	analysis/numbers/run_treatment_v3.py	python3 analysis/numbers/run_treatment_v3.py   # step 211	YES (a setting, proved present in the named output file)
Results	34	of the 46 conditions with lower rates where oxygenation improved	treatment_v3.json	-	summary.adjusted.n_hr_gt_1	analysis/numbers/run_treatment_v3.py	python3 analysis/numbers/run_treatment_v3.py   # step 211	YES
Results	46	conditions with at least 40 events, the three negative controls excluded	treatment_v3.json	-	summary.n_conditions_tested	analysis/numbers/run_treatment_v3.py	python3 analysis/numbers/run_treatment_v3.py   # step 211	YES
Results	40	event floor for the treatment comparison	treatment_v3.json	-	event_floor	analysis/numbers/run_treatment_v3.py	python3 analysis/numbers/run_treatment_v3.py   # step 211	YES
Results	3	negative controls excluded from the 46	treatment_v3.json	-	summary.n_negative_controls	analysis/numbers/run_treatment_v3.py	python3 analysis/numbers/run_treatment_v3.py   # step 211	YES
Results	16.8%	median reduction in disease rate across the 46 conditions	treatment_v3.json	outcomes, the 46 non-control rows with at least 40 events	median(adj_pct_lower_if_corrected)	analysis/numbers/run_treatment_v3.py	python3 analysis/numbers/run_treatment_v3.py   # step 211	ROUNDS (16.775930285358434)
Results	45.4%	median reduction across the conditions significant after Benjamini-Hochberg correction	treatment_v3.json	outcomes, the rows with adj_q < 0.05	median(adj_pct_lower_if_corrected)	analysis/numbers/run_treatment_v3.py	python3 analysis/numbers/run_treatment_v3.py   # step 211	ROUNDS (45.403559639517255)
Results	613	patients restored to 1% or less on PAP, the reference group of Figure 5b	$T90_FIGURE_ROOT/ROUND12_2026-09-03/L4_fig5/L4_fig5b_refit_v3.json	-	counts.n_ref_le1	figures/ROUND12_2026-09-03/L4_fig5/L4_refit_fig5b.py	python3 figures/ROUND12_2026-09-03/L4_fig5/L4_refit_fig5b.py   # step 212	YES
Results	568	patients still above 10% on PAP, the contrast group of Figure 5b	$T90_FIGURE_ROOT/ROUND12_2026-09-03/L4_fig5/L4_fig5b_refit_v3.json	-	counts.n_B_gt10	figures/ROUND12_2026-09-03/L4_fig5/L4_refit_fig5b.py	python3 figures/ROUND12_2026-09-03/L4_fig5/L4_refit_fig5b.py   # step 212	YES
Results	9	of the 18 conditions where the still-above-10% group had higher rates at P below 0.05	$T90_FIGURE_ROOT/ROUND12_2026-09-03/L4_fig5/L4_fig5b_refit_v3.json	outcomes, the 18 non-control rows with the largest adj_pub_hr	count(adj_B_p < 0.05)	figures/ROUND12_2026-09-03/L4_fig5/L4_refit_fig5b.py	python3 figures/ROUND12_2026-09-03/L4_fig5/L4_refit_fig5b.py   # step 212	YES
Results	18	conditions with the largest two-group hazard ratios (the Figure 5b row set)	$T90_FIGURE_ROOT/ROUND12_2026-09-03/L4_fig5/L4_fig5b_refit_v3.json	outcomes, in_current_5b == true	len(rows)	figures/ROUND12_2026-09-03/L4_fig5/L4_refit_fig5b.py	python3 figures/ROUND12_2026-09-03/L4_fig5/L4_refit_fig5b.py   # step 212	YES
Results	3.82	obesity hypoventilation, still above 10% vs restored to 1% or less	$T90_FIGURE_ROOT/ROUND12_2026-09-03/L4_fig5/L4_fig5b_refit_v3.json	"outcomes[""Obesity hypoventilation""]"	adj_B_hr	figures/ROUND12_2026-09-03/L4_fig5/L4_refit_fig5b.py	python3 figures/ROUND12_2026-09-03/L4_fig5/L4_refit_fig5b.py   # step 212	ROUNDS (3.815700576441673)
Results	1.80	obesity hypoventilation, lower 95% CI	$T90_FIGURE_ROOT/ROUND12_2026-09-03/L4_fig5/L4_fig5b_refit_v3.json	"outcomes[""Obesity hypoventilation""]"	adj_B_lo	figures/ROUND12_2026-09-03/L4_fig5/L4_refit_fig5b.py	python3 figures/ROUND12_2026-09-03/L4_fig5/L4_refit_fig5b.py   # step 212	ROUNDS (1.803827921541181)
Results	8.07	obesity hypoventilation, upper 95% CI	$T90_FIGURE_ROOT/ROUND12_2026-09-03/L4_fig5/L4_fig5b_refit_v3.json	"outcomes[""Obesity hypoventilation""]"	adj_B_hi	figures/ROUND12_2026-09-03/L4_fig5/L4_refit_fig5b.py	python3 figures/ROUND12_2026-09-03/L4_fig5/L4_refit_fig5b.py   # step 212	ROUNDS (8.071485486607667)
Results	2.71	COPD, still above 10% vs restored	$T90_FIGURE_ROOT/ROUND12_2026-09-03/L4_fig5/L4_fig5b_refit_v3.json	"outcomes[""COPD""]"	adj_B_hr	figures/ROUND12_2026-09-03/L4_fig5/L4_refit_fig5b.py	python3 figures/ROUND12_2026-09-03/L4_fig5/L4_refit_fig5b.py   # step 212	ROUNDS (2.7067246116252996)
Results	1.53	COPD, lower 95% CI	$T90_FIGURE_ROOT/ROUND12_2026-09-03/L4_fig5/L4_fig5b_refit_v3.json	"outcomes[""COPD""]"	adj_B_lo	figures/ROUND12_2026-09-03/L4_fig5/L4_refit_fig5b.py	python3 figures/ROUND12_2026-09-03/L4_fig5/L4_refit_fig5b.py   # step 212	ROUNDS (1.5330667330140957)
Results	4.78	COPD, upper 95% CI	$T90_FIGURE_ROOT/ROUND12_2026-09-03/L4_fig5/L4_fig5b_refit_v3.json	"outcomes[""COPD""]"	adj_B_hi	figures/ROUND12_2026-09-03/L4_fig5/L4_refit_fig5b.py	python3 figures/ROUND12_2026-09-03/L4_fig5/L4_refit_fig5b.py   # step 212	ROUNDS (4.778890550168091)
Results	2.52	heart failure, still above 10% vs restored	$T90_FIGURE_ROOT/ROUND12_2026-09-03/L4_fig5/L4_fig5b_refit_v3.json	"outcomes[""Heart failure""]"	adj_B_hr	figures/ROUND12_2026-09-03/L4_fig5/L4_refit_fig5b.py	python3 figures/ROUND12_2026-09-03/L4_fig5/L4_refit_fig5b.py   # step 212	ROUNDS (2.5159860984175646)
Results	1.62	heart failure, lower 95% CI	$T90_FIGURE_ROOT/ROUND12_2026-09-03/L4_fig5/L4_fig5b_refit_v3.json	"outcomes[""Heart failure""]"	adj_B_lo	figures/ROUND12_2026-09-03/L4_fig5/L4_refit_fig5b.py	python3 figures/ROUND12_2026-09-03/L4_fig5/L4_refit_fig5b.py   # step 212	ROUNDS (1.6181354899858018)
Results	3.91	heart failure, upper 95% CI	$T90_FIGURE_ROOT/ROUND12_2026-09-03/L4_fig5/L4_fig5b_refit_v3.json	"outcomes[""Heart failure""]"	adj_B_hi	figures/ROUND12_2026-09-03/L4_fig5/L4_refit_fig5b.py	python3 figures/ROUND12_2026-09-03/L4_fig5/L4_refit_fig5b.py   # step 212	ROUNDS (3.9120247263632932)
Results	11	of the 46 outcomes associated with residual T90 on PAP after correction	$T90_SV_ROOT/pap_residual_continuous/results_continuous.csv	negative_control == False	count(sig_fdr == True)	analysis/sleep_variability/pap_residual_continuous/run_extension.py	python3 analysis/sleep_variability/pap_residual_continuous/run_extension.py   # step 147	YES
Results	46	non-control outcomes in the residual-T90 analysis	$T90_SV_ROOT/pap_residual_continuous/results_continuous.csv	negative_control == False	len(rows)	analysis/sleep_variability/pap_residual_continuous/run_extension.py	python3 analysis/sleep_variability/pap_residual_continuous/run_extension.py   # step 147	YES
Results	0.05	uncorrected P threshold for the still-above-10% against restored contrast of Figure 5b	$T90_FIGURE_ROOT/ROUND12_2026-09-03/L4_fig5/L4_fig5b_refit_v3.json	outcomes, the 18 non-control rows with the largest adj_pub_hr	max(adj_B_p) among the 9 counted as significant	figures/ROUND12_2026-09-03/L4_fig5/L4_refit_fig5b.py	python3 figures/ROUND12_2026-09-03/L4_fig5/L4_refit_fig5b.py   # step 212	YES (bound holds: the file has 0.04014492731188533, under the printed 0.05)
Results	68.7%	share with pre-existing cardiopulmonary disease among those whose oxygenation did not improve	treatment_v3.json	-	counts.pct_prevalent_cardiopulmonary_not	analysis/numbers/run_treatment_v3.py	python3 analysis/numbers/run_treatment_v3.py   # step 211	YES
Results	51.7%	share with pre-existing cardiopulmonary disease among those whose oxygenation improved	treatment_v3.json	-	counts.pct_prevalent_cardiopulmonary_corrected	analysis/numbers/run_treatment_v3.py	python3 analysis/numbers/run_treatment_v3.py   # step 211	YES
Results	20.8%	persistent hypoxemia among patients with none of the cardiopulmonary conditions	$T90_FIGURE_ROOT/ROUND49_2026-09-26/lanes/LSUPP-C/L5b_work/polish_out/work/eFigureNEW_pap_count_dose_polish_drawn_values.json	"bins[0], label ""0"""	pct	figures/ROUND49_2026-09-26/lanes/LSUPP-C/L5b_scripts/gen_supp15.py	python3 figures/ROUND49_2026-09-26/lanes/LSUPP-C/L5b_scripts/gen_supp15.py   # figure lane, no RUN_ORDER step	YES
Results	83.3%	persistent hypoxemia among patients with five or more cardiopulmonary conditions	$T90_FIGURE_ROOT/ROUND49_2026-09-26/lanes/LSUPP-C/L5b_work/polish_out/work/eFigureNEW_pap_count_dose_polish_drawn_values.json	"bins[5], label ""5+"""	pct	figures/ROUND49_2026-09-26/lanes/LSUPP-C/L5b_scripts/gen_supp15.py	python3 figures/ROUND49_2026-09-26/lanes/LSUPP-C/L5b_scripts/gen_supp15.py   # figure lane, no RUN_ORDER step	YES
Results	5	cardiopulmonary conditions defining the top burden bin (five or more)	$T90_FIGURE_ROOT/ROUND49_2026-09-26/lanes/LSUPP-C/L5b_work/polish_out/work/eFigureNEW_pap_count_dose_polish_drawn_values.json	bins[5]	"label (""5+"")"	figures/ROUND49_2026-09-26/lanes/LSUPP-C/L5b_scripts/gen_supp15.py	python3 figures/ROUND49_2026-09-26/lanes/LSUPP-C/L5b_scripts/gen_supp15.py   # figure lane, no RUN_ORDER step	YES (a setting, proved present in the named output file)
Results	4	respiratory conditions with significantly lower rates when oxygenation improved	$T90_FIGURE_ROOT/ROUND49_2026-09-26/lanes/LED-B/ED_Fig10/work/organ_rollup_v8_1.json	"groups, group == ""Respiratory"""	responding	figures/ROUND49_2026-09-26/lanes/LED-B/L5a_scripts/10_build_ed10.py	python3 figures/ROUND49_2026-09-26/lanes/LED-B/L5a_scripts/10_build_ed10.py   # figure lane, no RUN_ORDER step	YES
Results	6	respiratory conditions in the roll-up	$T90_FIGURE_ROOT/ROUND49_2026-09-26/lanes/LED-B/ED_Fig10/work/organ_rollup_v8_1.json	"groups, group == ""Respiratory"""	conditions	figures/ROUND49_2026-09-26/lanes/LED-B/L5a_scripts/10_build_ed10.py	python3 figures/ROUND49_2026-09-26/lanes/LED-B/L5a_scripts/10_build_ed10.py   # figure lane, no RUN_ORDER step	YES
Results	39.8%	median reduction across the respiratory conditions	$T90_FIGURE_ROOT/ROUND49_2026-09-26/lanes/LED-B/ED_Fig10/work/organ_rollup_v8_1.json	"groups, group == ""Respiratory"""	median_pct_lower	figures/ROUND49_2026-09-26/lanes/LED-B/L5a_scripts/10_build_ed10.py	python3 figures/ROUND49_2026-09-26/lanes/LED-B/L5a_scripts/10_build_ed10.py   # figure lane, no RUN_ORDER step	ROUNDS (39.836483328675)
Results	35.8%	median reduction across the renal conditions	$T90_FIGURE_ROOT/ROUND49_2026-09-26/lanes/LED-B/ED_Fig10/work/organ_rollup_v8_1.json	"groups, group == ""Kidney"""	median_pct_lower	figures/ROUND49_2026-09-26/lanes/LED-B/L5a_scripts/10_build_ed10.py	python3 figures/ROUND49_2026-09-26/lanes/LED-B/L5a_scripts/10_build_ed10.py   # figure lane, no RUN_ORDER step	ROUNDS (35.760381716701474)
Results	31.9%	median reduction across the cardiac conditions	$T90_FIGURE_ROOT/ROUND49_2026-09-26/lanes/LED-B/ED_Fig10/work/organ_rollup_v8_1.json	"groups, group == ""Cardiac"""	median_pct_lower	figures/ROUND49_2026-09-26/lanes/LED-B/L5a_scripts/10_build_ed10.py	python3 figures/ROUND49_2026-09-26/lanes/LED-B/L5a_scripts/10_build_ed10.py   # figure lane, no RUN_ORDER step	ROUNDS (31.85565500554478)
Results	28.2%	median reduction across the infectious conditions	$T90_FIGURE_ROOT/ROUND49_2026-09-26/lanes/LED-B/ED_Fig10/work/organ_rollup_v8_1.json	"groups, group == ""Infection"""	median_pct_lower	figures/ROUND49_2026-09-26/lanes/LED-B/L5a_scripts/10_build_ed10.py	python3 figures/ROUND49_2026-09-26/lanes/LED-B/L5a_scripts/10_build_ed10.py   # figure lane, no RUN_ORDER step	ROUNDS (28.186402743866466)
Results	8.2%	largest median difference among the metabolic, hepatic, neurological, psychiatric, sensory and musculoskeletal groups	$T90_FIGURE_ROOT/ROUND49_2026-09-26/lanes/LED-B/ED_Fig10/work/organ_rollup_v8_1.json	groups, the six remaining groups	max(median_pct_lower)	figures/ROUND49_2026-09-26/lanes/LED-B/L5a_scripts/10_build_ed10.py	python3 figures/ROUND49_2026-09-26/lanes/LED-B/L5a_scripts/10_build_ed10.py   # figure lane, no RUN_ORDER step	ROUNDS (8.155419358088068)
Results	0.90	geometric mean hazard ratio across the negative controls with enough events	treatment_v3.json	outcomes, negative_control == true and events >= 40	geomean(adj_hr)	analysis/numbers/run_treatment_v3.py	python3 analysis/numbers/run_treatment_v3.py   # step 211	ROUNDS (0.9020316022915228)
Results	3	negative-control conditions with sufficient events	treatment_v3.json	outcomes, negative_control == true and events >= 40	len(rows)	analysis/numbers/run_treatment_v3.py	python3 analysis/numbers/run_treatment_v3.py   # step 211	YES
Results	141	PSG parameters across which oxygenation identified disease risk best	ranking_v3_provenance.json	-	measures	analysis/numbers/build_ranking_v3.py	T90_FULL_NIGHTS_ONLY=1 python3 analysis/numbers/build_ranking_v3.py current   # step 105	YES
Results	7	of the 12 available outcomes significantly associated with continuous T90	external.json	shhs.outcomes and mros.outcomes	count(BH(t90.p over the 12) < 0.05 and t90.hr > 1)	analysis/numbers/freeze_05_external.py	python3 analysis/numbers/freeze_05_external.py   # step 260	YES
Results	12	outcomes available across the two community cohorts	external.json	shhs.outcomes and mros.outcomes	len(outcomes)	analysis/numbers/freeze_05_external.py	python3 analysis/numbers/freeze_05_external.py   # step 260	YES
Results	7	of the 12 outcomes with higher risk at T90 above 10% than at 1% or less	external.json	shhs.outcomes and mros.outcomes	"count(BH(bands["">10%""].p over the 12) < 0.05 and hr > 1)"	analysis/numbers/freeze_05_external.py	python3 analysis/numbers/freeze_05_external.py   # step 260	YES
Results	11.8	median follow-up in the Sleep Heart Health Study, years	cohorts.json	-	shhs.followup_years.median	analysis/numbers/freeze_01_cohorts.py	python3 analysis/numbers/freeze_01_cohorts.py   # step 101	YES
Results	12.2	median follow-up in the Osteoporotic Fractures in Men Study, years	external.json	-	mros.followup_years_median	analysis/numbers/freeze_05_external.py	python3 analysis/numbers/freeze_05_external.py   # step 260	ROUNDS (12.227241615331964)
Results	1.65	SHHS heart failure, T90 above 10% vs 1% or less	external.json	"shhs.outcomes[""Heart failure""].bands["">10%""]"	hr	analysis/numbers/freeze_05_external.py	python3 analysis/numbers/freeze_05_external.py   # step 260	ROUNDS (1.6528476207401679)
Results	1.29	SHHS heart failure, lower 95% CI	external.json	"shhs.outcomes[""Heart failure""].bands["">10%""]"	lo	analysis/numbers/freeze_05_external.py	python3 analysis/numbers/freeze_05_external.py   # step 260	ROUNDS (1.2917271848316412)
Results	2.11	SHHS heart failure, upper 95% CI	external.json	"shhs.outcomes[""Heart failure""].bands["">10%""]"	hi	analysis/numbers/freeze_05_external.py	python3 analysis/numbers/freeze_05_external.py   # step 260	ROUNDS (2.1149243350038343)
Results	1.49	SHHS cardiovascular composite	external.json	"shhs.outcomes[""Cardiovascular composite""].bands["">10%""]"	hr	analysis/numbers/freeze_05_external.py	python3 analysis/numbers/freeze_05_external.py   # step 260	ROUNDS (1.49210065481129)
Results	1.25	SHHS cardiovascular composite, lower 95% CI	external.json	"shhs.outcomes[""Cardiovascular composite""].bands["">10%""]"	lo	analysis/numbers/freeze_05_external.py	python3 analysis/numbers/freeze_05_external.py   # step 260	ROUNDS (1.254014205129948)
Results	1.78	SHHS cardiovascular composite, upper 95% CI	external.json	"shhs.outcomes[""Cardiovascular composite""].bands["">10%""]"	hi	analysis/numbers/freeze_05_external.py	python3 analysis/numbers/freeze_05_external.py   # step 260	ROUNDS (1.7753900673378513)
Results	1.47	SHHS cardiovascular death	external.json	"shhs.outcomes[""Cardiovascular death""].bands["">10%""]"	hr	analysis/numbers/freeze_05_external.py	python3 analysis/numbers/freeze_05_external.py   # step 260	ROUNDS (1.4734400625740682)
Results	1.09	SHHS cardiovascular death, lower 95% CI	external.json	"shhs.outcomes[""Cardiovascular death""].bands["">10%""]"	lo	analysis/numbers/freeze_05_external.py	python3 analysis/numbers/freeze_05_external.py   # step 260	ROUNDS (1.0902530657782004)
Results	1.99	SHHS cardiovascular death, upper 95% CI	external.json	"shhs.outcomes[""Cardiovascular death""].bands["">10%""]"	hi	analysis/numbers/freeze_05_external.py	python3 analysis/numbers/freeze_05_external.py   # step 260	ROUNDS (1.991304300023812)
Results	1.38	SHHS coronary heart disease	external.json	"shhs.outcomes[""Coronary heart disease""].bands["">10%""]"	hr	analysis/numbers/freeze_05_external.py	python3 analysis/numbers/freeze_05_external.py   # step 260	ROUNDS (1.3789270098554784)
Results	1.11	SHHS coronary heart disease, lower 95% CI	external.json	"shhs.outcomes[""Coronary heart disease""].bands["">10%""]"	lo	analysis/numbers/freeze_05_external.py	python3 analysis/numbers/freeze_05_external.py   # step 260	ROUNDS (1.1091417016935579)
Results	1.71	SHHS coronary heart disease, upper 95% CI	external.json	"shhs.outcomes[""Coronary heart disease""].bands["">10%""]"	hi	analysis/numbers/freeze_05_external.py	python3 analysis/numbers/freeze_05_external.py   # step 260	ROUNDS (1.7143343322189097)
Results	1.92	MrOS pulmonary death	external.json	"mros.outcomes[""Pulmonary death""].bands["">10%""]"	hr	analysis/numbers/freeze_05_external.py	python3 analysis/numbers/freeze_05_external.py   # step 260	ROUNDS (1.9181295691827203)
Results	1.27	MrOS pulmonary death, lower 95% CI	external.json	"mros.outcomes[""Pulmonary death""].bands["">10%""]"	lo	analysis/numbers/freeze_05_external.py	python3 analysis/numbers/freeze_05_external.py   # step 260	ROUNDS (1.2652704901145442)
Results	2.91	MrOS pulmonary death, upper 95% CI	external.json	"mros.outcomes[""Pulmonary death""].bands["">10%""]"	hi	analysis/numbers/freeze_05_external.py	python3 analysis/numbers/freeze_05_external.py   # step 260	ROUNDS (2.9078533585652577)
Results	1.37	MrOS cardiovascular death	external.json	"mros.outcomes[""Cardiovascular death""].bands["">10%""]"	hr	analysis/numbers/freeze_05_external.py	python3 analysis/numbers/freeze_05_external.py   # step 260	ROUNDS (1.3656612935835066)
Results	1.08	MrOS cardiovascular death, lower 95% CI	external.json	"mros.outcomes[""Cardiovascular death""].bands["">10%""]"	lo	analysis/numbers/freeze_05_external.py	python3 analysis/numbers/freeze_05_external.py   # step 260	ROUNDS (1.0824138324919246)
Results	1.72	MrOS cardiovascular death, upper 95% CI	external.json	"mros.outcomes[""Cardiovascular death""].bands["">10%""]"	hi	analysis/numbers/freeze_05_external.py	python3 analysis/numbers/freeze_05_external.py   # step 260	ROUNDS (1.7230293191084944)
Results	1.26	MrOS all-cause death	external.json	"mros.outcomes[""Death from any cause""].bands["">10%""]"	hr	analysis/numbers/freeze_05_external.py	python3 analysis/numbers/freeze_05_external.py   # step 260	ROUNDS (1.260464338838088)
Results	1.09	MrOS all-cause death, lower 95% CI	external.json	"mros.outcomes[""Death from any cause""].bands["">10%""]"	lo	analysis/numbers/freeze_05_external.py	python3 analysis/numbers/freeze_05_external.py   # step 260	ROUNDS (1.09480296661247)
Results	1.45	MrOS all-cause death, upper 95% CI	external.json	"mros.outcomes[""Death from any cause""].bands["">10%""]"	hi	analysis/numbers/freeze_05_external.py	python3 analysis/numbers/freeze_05_external.py   # step 260	ROUNDS (1.451192952462029)
Results	6	of the 12 outcomes T90 remained associated with once the apnea-hypopnea index was in the model	$T90_FIGURE_ROOT/ROUND49_2026-09-26/lanes/LSUPP-B/Supp_Fig18/work/Supp_Fig18_drawn.json	"rows_b, cohort in (shhs, mros) and exposure == ""t90_adj_ahi"""	count(significant == true)	figures/ROUND49_2026-09-26/lanes/LSUPP-B/Supp_Fig18/scripts/01_build.py	python3 figures/ROUND49_2026-09-26/lanes/LSUPP-B/Supp_Fig18/scripts/01_build.py   # figure lane, no RUN_ORDER step	YES
Results	12	outcomes in the joint T90 and AHI model	$T90_FIGURE_ROOT/ROUND49_2026-09-26/lanes/LSUPP-B/Supp_Fig18/work/Supp_Fig18_drawn.json	"rows_b, cohort in (shhs, mros) and exposure == ""t90_adj_ahi"""	len(rows)	figures/ROUND49_2026-09-26/lanes/LSUPP-B/Supp_Fig18/scripts/01_build.py	python3 figures/ROUND49_2026-09-26/lanes/LSUPP-B/Supp_Fig18/scripts/01_build.py   # figure lane, no RUN_ORDER step	YES
Results	1.19	SHHS heart failure, T90 per 1 SD adjusted for the AHI	external.json	"shhs.outcomes[""Heart failure""].t90_adj_ahi"	hr	analysis/numbers/freeze_05_external.py	python3 analysis/numbers/freeze_05_external.py   # step 260	ROUNDS (1.1850255300674701)
Results	1.06	SHHS heart failure, lower 95% CI	external.json	"shhs.outcomes[""Heart failure""].t90_adj_ahi"	lo	analysis/numbers/freeze_05_external.py	python3 analysis/numbers/freeze_05_external.py   # step 260	ROUNDS (1.059059313449216)
Results	1.33	SHHS heart failure, upper 95% CI	external.json	"shhs.outcomes[""Heart failure""].t90_adj_ahi"	hi	analysis/numbers/freeze_05_external.py	python3 analysis/numbers/freeze_05_external.py   # step 260	ROUNDS (1.3259743709142375)
Results	1.01	SHHS heart failure, AHI per 1 SD adjusted for T90	external.json	"shhs.outcomes[""Heart failure""].ahi_adj_t90"	hr	analysis/numbers/freeze_05_external.py	python3 analysis/numbers/freeze_05_external.py   # step 260	ROUNDS (1.0091550408243561)
Results	0.90	SHHS heart failure, lower 95% CI	external.json	"shhs.outcomes[""Heart failure""].ahi_adj_t90"	lo	analysis/numbers/freeze_05_external.py	python3 analysis/numbers/freeze_05_external.py   # step 260	ROUNDS (0.9007753277773638)
Results	1.13	SHHS heart failure, upper 95% CI	external.json	"shhs.outcomes[""Heart failure""].ahi_adj_t90"	hi	analysis/numbers/freeze_05_external.py	python3 analysis/numbers/freeze_05_external.py   # step 260	ROUNDS (1.1305748115171679)
Results	12	outcomes the apnea-hypopnea index adjusted for oxygenation was not positively associated with (none of them)	$T90_FIGURE_ROOT/ROUND49_2026-09-26/lanes/LSUPP-B/Supp_Fig18/work/Supp_Fig18_drawn.json	"rows_b, cohort in (shhs, mros) and exposure == ""ahi_adj_t90"""	len(rows) with count(significant and hr > 1) == 0	figures/ROUND49_2026-09-26/lanes/LSUPP-B/Supp_Fig18/scripts/01_build.py	python3 figures/ROUND49_2026-09-26/lanes/LSUPP-B/Supp_Fig18/scripts/01_build.py   # figure lane, no RUN_ORDER step	YES
Results	7	of the 12 outcomes T90 remained associated with once total sleep time was in the model	$T90_SV_ROOT/external_sleepduration/summary_persd.json	-	summary_counts_out_of_12.t90_persd_adjTST.fdr_q_lt_05	analysis/sleep_variability/external_sleepduration/run_external_sleepduration_persd.py	python3 analysis/sleep_variability/external_sleepduration/run_external_sleepduration_persd.py   # step 262	YES
Results	12	outcomes in the joint T90 and total-sleep-time model	$T90_SV_ROOT/external_sleepduration/summary_persd.json	-	summary_counts_out_of_12.t90_persd_adjTST.n_outcomes	analysis/sleep_variability/external_sleepduration/run_external_sleepduration_persd.py	python3 analysis/sleep_variability/external_sleepduration/run_external_sleepduration_persd.py   # step 262	YES
Results	1	nominal association for total sleep time (longer sleep, lower all-cause mortality in MrOS)	$T90_SV_ROOT/external_sleepduration/summary_persd.json	-	summary_counts_out_of_12.tst_persd_alone.raw_p_lt_05	analysis/sleep_variability/external_sleepduration/run_external_sleepduration_persd.py	python3 analysis/sleep_variability/external_sleepduration/run_external_sleepduration_persd.py   # step 262	YES
Results	0.94	MrOS all-cause death, total sleep time per 1 SD adjusted for T90	$T90_SV_ROOT/external_sleepduration/results_persd.csv	"cohort == ""mros"", outcome == ""Death from any cause"", family == ""tst_persd_adjT90"""	hr	analysis/sleep_variability/external_sleepduration/run_external_sleepduration_persd.py	python3 analysis/sleep_variability/external_sleepduration/run_external_sleepduration_persd.py   # step 262	ROUNDS (0.9424455357625865)
Results	0.90	MrOS all-cause death, lower 95% CI	$T90_SV_ROOT/external_sleepduration/results_persd.csv	"cohort == ""mros"", outcome == ""Death from any cause"", family == ""tst_persd_adjT90"""	lo	analysis/sleep_variability/external_sleepduration/run_external_sleepduration_persd.py	python3 analysis/sleep_variability/external_sleepduration/run_external_sleepduration_persd.py   # step 262	ROUNDS (0.9002347636269438)
Results	0.99	MrOS all-cause death, upper 95% CI	$T90_SV_ROOT/external_sleepduration/results_persd.csv	"cohort == ""mros"", outcome == ""Death from any cause"", family == ""tst_persd_adjT90"""	hi	analysis/sleep_variability/external_sleepduration/run_external_sleepduration_persd.py	python3 analysis/sleep_variability/external_sleepduration/run_external_sleepduration_persd.py   # step 262	ROUNDS (0.98663551305257)
Results	0.01	largest change any T90 estimate showed when total sleep time was added	$T90_SV_ROOT/external_sleepduration/summary_persd.json	-	t90_max_hr_shift_vs_frozen	analysis/sleep_variability/external_sleepduration/run_external_sleepduration_persd.py	python3 analysis/sleep_variability/external_sleepduration/run_external_sleepduration_persd.py   # step 262	YES (bound holds: the file has 0.0037, under the printed 0.01)
Discussion	19,173	adults whose full sleep-study output was compared	cohorts.json	-	bdsp.n_analysis	analysis/numbers/freeze_01_cohorts.py	python3 analysis/numbers/freeze_01_cohorts.py   # step 101	YES
Discussion	15,551	recordings diagnostic for the whole night, the ranking cohort	ranking_v3_provenance.json	-	cohort_n	analysis/numbers/build_ranking_v3.py	T90_FULL_NIGHTS_ONLY=1 python3 analysis/numbers/build_ranking_v3.py current   # step 105	YES
Discussion	4	of the five leading positions held by oxygenation measures	ranking_v3.csv	the five rows with rank 1 to 5, joined to measure_families.csv	"count(family == ""Oxygenation"")"	analysis/numbers/build_ranking_v3.py	T90_FULL_NIGHTS_ONLY=1 python3 analysis/numbers/build_ranking_v3.py current   # step 105	YES
Discussion	5	leading positions considered	ranking_v3.csv	rank <= 5	len(rows)	analysis/numbers/build_ranking_v3.py	T90_FULL_NIGHTS_ONLY=1 python3 analysis/numbers/build_ranking_v3.py current   # step 105	YES
Discussion	7	of the 141 parameters that are oxygenation measures	$REPO/analysis/numbers/measure_families.csv	"family == ""Oxygenation"""	len(rows)	oximetry_extraction/E1_live/scripts/build_measure_families_v8.py	python3 oximetry_extraction/E1_live/scripts/build_measure_families_v8.py   # step 030	YES
Discussion	141	parameters examined	$REPO/analysis/numbers/measure_families.csv	all rows	len(rows)	oximetry_extraction/E1_live/scripts/build_measure_families_v8.py	python3 oximetry_extraction/E1_live/scripts/build_measure_families_v8.py   # step 030	YES
Discussion	90%	saturation threshold T90 is defined at	ranking_v3_provenance.json	-	exposure (spo2_pct_below_90)	analysis/numbers/build_ranking_v3.py	T90_FULL_NIGHTS_ONLY=1 python3 analysis/numbers/build_ranking_v3.py current   # step 105	YES (a setting, proved present in the named output file)
Discussion	0.056	T90 discrimination gain for type 2 diabetes	$T90_SV_ROOT/dC_per_disease/dC_per_disease.csv	"row_type == ""disease"" and arm == ""standard"" and outcome == ""diabetes"""	dC	analysis/sleep_variability/dC_per_disease/p02_assemble.py	T90_FULL_NIGHTS_ONLY=1 python3 analysis/sleep_variability/dC_per_disease/p02_assemble.py   # step 176	ROUNDS (0.056315648047708056)
Discussion	0.039	T90 discrimination gain for heart failure	$T90_SV_ROOT/dC_per_disease/dC_per_disease.csv	"row_type == ""disease"" and arm == ""standard"" and outcome == ""hf"""	dC	analysis/sleep_variability/dC_per_disease/p02_assemble.py	T90_FULL_NIGHTS_ONLY=1 python3 analysis/sleep_variability/dC_per_disease/p02_assemble.py   # step 176	ROUNDS (0.039356472804809195)
Discussion	0.039	published C-statistic gain from hemoglobin A1c added to a lifestyle model of type 2 diabetes (cited, reference 26)	-	-	-	-	-	CITED (reference 26; a literature value, not produced by this code)
Discussion	0.019	published C-statistic gain from NT-proBNP added to conventional cardiovascular risk factors (cited, reference 27)	-	-	-	-	-	CITED (reference 27; a literature value, not produced by this code)
Discussion	4	sleep-duration threshold analysed (4 hours)	extras_v2.json	"short_sleep key ""<4h"""	threshold label	analysis/numbers/run_extras_v2.py	python3 analysis/numbers/run_extras_v2.py   # step 114	YES (a setting, proved present in the named output file)
Discussion	5	sleep-duration threshold analysed (5 hours)	extras_v2.json	"short_sleep key ""<5h"""	threshold label	analysis/numbers/run_extras_v2.py	python3 analysis/numbers/run_extras_v2.py   # step 114	YES (a setting, proved present in the named output file)
Discussion	6	sleep-duration threshold analysed (6 hours)	extras_v2.json	"short_sleep key ""<6h"""	threshold label	analysis/numbers/run_extras_v2.py	python3 analysis/numbers/run_extras_v2.py   # step 114	YES (a setting, proved present in the named output file)
Discussion	7	sleep-duration threshold analysed (7 hours)	extras_v2.json	"short_sleep key ""<7h"""	threshold label	analysis/numbers/run_extras_v2.py	python3 analysis/numbers/run_extras_v2.py   # step 114	YES (a setting, proved present in the named output file)
Discussion	7	conditions REM T90 remained associated with after adjustment for whole-sleep T90	$T90_SV_ROOT/stage_specific/attack_nested.csv	"stage == ""rem"" (21 rows)"	count(stage_p_adj < 0.05)	analysis/sleep_variability/stage_specific/attack.py	python3 analysis/sleep_variability/stage_specific/attack.py   # step 146	YES
Discussion	21	conditions in the nested REM against whole-sleep analysis	$T90_SV_ROOT/stage_specific/attack_nested.csv	"stage == ""rem"""	len(rows)	analysis/sleep_variability/stage_specific/attack.py	python3 analysis/sleep_variability/stage_specific/attack.py   # step 146	YES
Discussion	21	conditions whole-sleep T90 was not associated with after adjustment for REM T90 (none of the 21)	$T90_SV_ROOT/stage_specific/attack_nested.csv	"stage == ""rem"""	len(rows) with count(sleep_p_adj < 0.05) == 0	analysis/sleep_variability/stage_specific/attack.py	python3 analysis/sleep_variability/stage_specific/attack.py   # step 146	YES
Discussion	90%	saturation threshold T90 expresses the night against	ranking_v3_provenance.json	-	exposure (spo2_pct_below_90)	analysis/numbers/build_ranking_v3.py	T90_FULL_NIGHTS_ONLY=1 python3 analysis/numbers/build_ranking_v3.py current   # step 105	YES (a setting, proved present in the named output file)
Discussion	10%	T90 category above which risk was often greatest	results_v2.json	"cohort.t90_bands_n key "">10%"""	band label	analysis/numbers/run_all_v2.py	python3 analysis/numbers/run_all_v2.py   # step 112	YES (a setting, proved present in the named output file)
Discussion	845,569	sleep studies performed for Medicare beneficiaries in the United States in 2014 (cited, reference 44)	-	-	-	-	-	CITED (reference 44; a literature value, not produced by this code)
Discussion	1	million sleep studies performed annually today (cited estimate)	-	-	-	-	-	CITED (a cited estimate; a literature value, not produced by this code)
Discussion	415	participants who had the sleep study repeated	tst_ceiling.json	-	n_repeat_pairs	figures/New_Figures/_NOT_THESE_workfiles/scripts/make_efig15_tst_ceiling.py	T90_FULL_NIGHTS_ONLY=1 python3 figures/New_Figures/_NOT_THESE_workfiles/scripts/make_efig15_tst_ceiling.py   # step 143	YES
Discussion	50.5	median absolute night-to-night difference in total sleep time, minutes	$T90_FIGURE_ROOT/ROUND49_2026-09-26/lanes/LSUPP-B/Supp_Fig07/work/expected_values.json	-	facts_for_legend.median_diff_min	figures/ROUND49_2026-09-26/lanes/LSUPP-B/Supp_Fig07/scripts/01_build.py	python3 figures/ROUND49_2026-09-26/lanes/LSUPP-B/Supp_Fig07/scripts/01_build.py   # figure lane, no RUN_ORDER step	YES
Discussion	23.5	interquartile range of that difference, lower bound, minutes	$T90_FIGURE_ROOT/ROUND49_2026-09-26/lanes/LSUPP-B/Supp_Fig07/work/expected_values.json	-	facts_for_legend.iqr[0]	figures/ROUND49_2026-09-26/lanes/LSUPP-B/Supp_Fig07/scripts/01_build.py	python3 figures/ROUND49_2026-09-26/lanes/LSUPP-B/Supp_Fig07/scripts/01_build.py   # figure lane, no RUN_ORDER step	YES
Discussion	96.3	interquartile range of that difference, upper bound, minutes	$T90_FIGURE_ROOT/ROUND49_2026-09-26/lanes/LSUPP-B/Supp_Fig07/work/expected_values.json	-	facts_for_legend.iqr[1]	figures/ROUND49_2026-09-26/lanes/LSUPP-B/Supp_Fig07/scripts/01_build.py	python3 figures/ROUND49_2026-09-26/lanes/LSUPP-B/Supp_Fig07/scripts/01_build.py   # figure lane, no RUN_ORDER step	ROUNDS (96.30833333333334)
Discussion	0.482	intraclass correlation of total sleep time between repeated nights	tst_ceiling.json	-	icc_one_lab_night	figures/New_Figures/_NOT_THESE_workfiles/scripts/make_efig15_tst_ceiling.py	T90_FULL_NIGHTS_ONLY=1 python3 figures/New_Figures/_NOT_THESE_workfiles/scripts/make_efig15_tst_ceiling.py   # step 143	ROUNDS (0.4822461259107412)
Discussion	10%	T90 threshold whose within-night crossing was measured	placebo_restoration_rate.json	-	rule	analysis/sleep_variability/final_verification/compute_b5_b9.py	python3 analysis/sleep_variability/final_verification/compute_b5_b9.py   # step 154	YES (a setting, proved present in the named output file)
Discussion	36%	diagnostic recordings off PAP that started above 10% T90 and fell below it later in the night	placebo_restoration_rate.json	-	placebo.pct_restored	analysis/sleep_variability/final_verification/compute_b5_b9.py	python3 analysis/sleep_variability/final_verification/compute_b5_b9.py   # step 154	ROUNDS (35.8)
Discussion	71%	the same within-night crossing among recordings on PAP	placebo_restoration_rate.json	-	treated.pct_restored	analysis/sleep_variability/final_verification/compute_b5_b9.py	python3 analysis/sleep_variability/final_verification/compute_b5_b9.py   # step 154	ROUNDS (70.9)
Discussion	80	alternative saturation threshold tested (80%)	$T90_SV_ROOT/t_ladder_up/LADDER_SUMMARY.csv	"threshold == ""T80"""	threshold label	analysis/sleep_variability/t_ladder_up/b02_persd.py	python3 analysis/sleep_variability/t_ladder_up/b02_persd.py   # step 200	YES (a setting, proved present in the named output file)
Discussion	85	alternative saturation threshold tested (85%)	$T90_SV_ROOT/t_ladder_up/LADDER_SUMMARY.csv	"threshold == ""T85"""	threshold label	analysis/sleep_variability/t_ladder_up/b02_persd.py	python3 analysis/sleep_variability/t_ladder_up/b02_persd.py   # step 200	YES (a setting, proved present in the named output file)
Discussion	88	alternative saturation threshold tested (88%)	$T90_SV_ROOT/t_ladder_up/LADDER_SUMMARY.csv	"threshold == ""T88"""	threshold label	analysis/sleep_variability/t_ladder_up/b02_persd.py	python3 analysis/sleep_variability/t_ladder_up/b02_persd.py   # step 200	YES (a setting, proved present in the named output file)
Discussion	92	alternative saturation threshold tested (92%)	$T90_SV_ROOT/t_ladder_up/LADDER_SUMMARY.csv	"threshold == ""T92"""	threshold label	analysis/sleep_variability/t_ladder_up/b02_persd.py	python3 analysis/sleep_variability/t_ladder_up/b02_persd.py   # step 200	YES (a setting, proved present in the named output file)
Discussion	95	alternative saturation threshold tested (95%)	$T90_SV_ROOT/t_ladder_up/LADDER_SUMMARY.csv	"threshold == ""T95"""	threshold label	analysis/sleep_variability/t_ladder_up/b02_persd.py	python3 analysis/sleep_variability/t_ladder_up/b02_persd.py   # step 200	YES (a setting, proved present in the named output file)
Discussion	18	fewest of the 52 ranked outcomes that survived correction at an alternative threshold (the 80% rung)	$T90_SV_ROOT/t_ladder_up/ladder_persd.csv	in_ranking_48 == True (52 rows)	count(t80_q < 0.05)	analysis/sleep_variability/t_ladder_up/b02_persd.py	python3 analysis/sleep_variability/t_ladder_up/b02_persd.py   # step 200	YES
Discussion	38	most of the 52 ranked outcomes that survived correction at an alternative threshold (the 92% rung)	$T90_SV_ROOT/t_ladder_up/ladder_persd.csv	in_ranking_48 == True (52 rows)	count(t92_q < 0.05)	analysis/sleep_variability/t_ladder_up/b02_persd.py	python3 analysis/sleep_variability/t_ladder_up/b02_persd.py   # step 200	YES
Discussion	52	ranked outcomes the threshold ladder was counted over	$T90_SV_ROOT/t_ladder_up/ladder_persd.csv	in_ranking_48 == True	len(rows)	analysis/sleep_variability/t_ladder_up/b02_persd.py	python3 analysis/sleep_variability/t_ladder_up/b02_persd.py   # step 200	YES
Discussion	90%	threshold at which the gain in discrimination peaked	$T90_SV_ROOT/t_ladder_up/dC_summary.csv	all rungs	argmax(dC) == t90_frozen	analysis/sleep_variability/t_ladder_up/b03_dC.py	T90_FULL_NIGHTS_ONLY=1 python3 analysis/sleep_variability/t_ladder_up/b03_dC.py   # step 201	YES
Discussion	4.4	median follow-up in the primary cohort, years	cohorts.json	-	bdsp.followup_years.median	analysis/numbers/freeze_01_cohorts.py	python3 analysis/numbers/freeze_01_cohorts.py   # step 101	ROUNDS (4.43)
Discussion	141	parameters obtained from a night of sleep	ranking_v3_provenance.json	-	measures	analysis/numbers/build_ranking_v3.py	T90_FULL_NIGHTS_ONLY=1 python3 analysis/numbers/build_ranking_v3.py current   # step 105	YES
