feature,family,family_make_v2,family_audit,family_etable,definition,resolved_by,is_siteZ_duplicate,rank_ranking_v3,dC_ranking_v3,keyword_family_efig05,keyword_family_make_v2,keyword_family_make_supp_v2,keyword_matches
spo2_pct_below_90,Oxygenation,Oxygen,Oxygenation,Oximetry,Percent of the recording below 90% saturation,explicit,False,1,0.0203387549724979,Oxygenation,Oxygen,Oxygen,Oxygenation:spo2
spo2_pct_below_88,Oxygenation,Oxygen,Oxygenation,Oximetry,Percent of the recording below 88% saturation,explicit,False,2,0.0193826709241498,Oxygenation,Oxygen,Oxygen,Oxygenation:spo2
spo2_nadir_corrected,Oxygenation,Oxygen,Oxygenation,Oximetry,"Lowest saturation reached, artifact corrected",explicit,False,3,0.0192143691173631,Oxygenation,Oxygen,Oxygen,Oxygenation:spo2
odi3_total,Oxygenation,Oxygen,Oxygenation,Oximetry,"Desaturation index, 3% criterion",explicit,False,4,0.0176179290333911,Oxygenation,Oxygen,Oxygen,Oxygenation:odi
odi4_total,Oxygenation,Oxygen,Oxygenation,Oximetry,"Desaturation index, 4% criterion",explicit,False,5,0.0174654716567553,Oxygenation,Oxygen,Oxygen,Oxygenation:odi
nrem_hr_bpm,Heart rate and variability,Heart,Cardiac / HRV,Autonomic,"Mean heart rate, beats per minute, non-REM sleep",hrv rule,False,6,0.0163072054342843,Heart rate and variability,Heart,Heart,Heart rate and variability:hr_bpm
wholenight_hr_bpm,Heart rate and variability,Heart,Cardiac / HRV,Autonomic,"Mean heart rate, beats per minute, whole night",hrv rule,False,7,0.0157124885027263,Heart rate and variability,Heart,Heart,Heart rate and variability:hr_bpm
spo2_mean,Oxygenation,Oxygen,Oxygenation,Oximetry,Mean saturation across the recording,explicit,False,8,0.0151381624593999,Oxygenation,Oxygen,Oxygen,Oxygenation:spo2
wholenight_lf_hf_ratio,Heart rate and variability,Heart,Cardiac / HRV,Autonomic,"Low- to high-frequency power ratio of the R-R series, whole night",hrv rule,False,9,0.0102946772149334,Heart rate and variability,Heart,Heart,Heart rate and variability:lf_+hf_
nrem_lf_hf_ratio,Heart rate and variability,Heart,Cardiac / HRV,Autonomic,"Low- to high-frequency power ratio of the R-R series, non-REM sleep",hrv rule,False,10,0.008277850115661,Heart rate and variability,Heart,Heart,Heart rate and variability:lf_+hf_
F_spindle_n_spindles,"Brain, microstructure","Brain, microstructure",EEG microstructure,EEG microstructure,"Spindle count, frontal derivation",spindle rule,False,11,0.0075429413200291,"Brain, microstructure","Brain, microstructure","Brain, microstructure","Brain, microstructure:spindle"
F_spindle_density_per_min,"Brain, microstructure","Brain, microstructure",EEG microstructure,EEG microstructure,"Spindle density, per minute, frontal derivation",spindle rule,False,12,0.0072243135630036,"Brain, microstructure","Brain, microstructure","Brain, microstructure","Brain, microstructure:spindle"
C_spindle_n_spindles,"Brain, microstructure","Brain, microstructure",EEG microstructure,EEG microstructure,"Spindle count, central derivation",spindle rule,False,13,0.006374951042183,"Brain, microstructure","Brain, microstructure","Brain, microstructure","Brain, microstructure:spindle"
F_SO_mean_dur_sec,"Brain, microstructure","Brain, microstructure",EEG microstructure,EEG microstructure,"Slow-oscillation duration, seconds, frontal derivation",slow-oscillation rule,False,14,0.0063502818273196,"Brain, microstructure","Brain, microstructure","Brain, microstructure","Brain, microstructure:_so_"
C_spindle_density_per_min,"Brain, microstructure","Brain, microstructure",EEG microstructure,EEG microstructure,"Spindle density, per minute, central derivation",spindle rule,False,15,0.0062524215642381,"Brain, microstructure","Brain, microstructure","Brain, microstructure","Brain, microstructure:spindle"
wholenight_n_rr,Heart rate and variability,Heart,Cardiac / HRV,Autonomic,"Count of R-R intervals detected. A CARDIAC count, not a sleep-timing one, whole night",hrv rule,False,16,0.0044451959041551,Sleep timing and structure,Sleep timing and structure,Sleep timing and structure,"NONE, silent default"
nrem_lf_power,Heart rate and variability,Heart,Cardiac / HRV,Autonomic,"Low-frequency power of the R-R series, 0.04-0.15 Hz, non-REM sleep",hrv rule,False,17,0.0038991214284855,Heart rate and variability,Heart,Heart,"Heart rate and variability:lf_; Brain, spectral power:_power"
O_coupling_strength_r,"Brain, microstructure","Brain, microstructure",EEG microstructure,EEG microstructure,"Spindle to slow-oscillation coupling strength, occipital derivation",coupling rule,False,18,0.0037778285227494,"Brain, microstructure","Brain, microstructure","Brain, microstructure","Brain, microstructure:coupling"
nrem_rmssd,Heart rate and variability,Heart,Cardiac / HRV,Autonomic,"RMSSD, root mean square of successive R-R differences, non-REM sleep",hrv rule,False,19,0.0036636988723532,Heart rate and variability,Heart,Heart,Heart rate and variability:rmssd
wholenight_lf_power,Heart rate and variability,Heart,Cardiac / HRV,Autonomic,"Low-frequency power of the R-R series, 0.04-0.15 Hz, whole night",hrv rule,False,20,0.0036433527587657,Heart rate and variability,Heart,Heart,"Heart rate and variability:lf_; Brain, spectral power:_power"
C_nrem_sigma_mean,"Brain, spectral power","Brain, spectral",EEG spectral,EEG band power,"Sigma-band power in non-REM sleep, central derivation, mean across epochs",eeg band rule,False,21,0.0034386595590375,"Brain, spectral power","Brain, spectral","Brain, spectral","Brain, spectral power:sigma"
O_coupling_overlap_frac,"Brain, microstructure","Brain, microstructure",EEG microstructure,EEG microstructure,"Spindle and slow-oscillation overlap, fraction, occipital derivation",coupling rule,False,23,0.0034287129942203,"Brain, microstructure","Brain, microstructure","Brain, microstructure","Brain, microstructure:coupling"
C_coupling_strength_r,"Brain, microstructure","Brain, microstructure",EEG microstructure,EEG microstructure,"Spindle to slow-oscillation coupling strength, central derivation",coupling rule,False,24,0.0033496142100254,"Brain, microstructure","Brain, microstructure","Brain, microstructure","Brain, microstructure:coupling"
resp_events_any_label,Breathing events,Breathing events,Breathing events,Respiratory events,"Count of scored respiratory events, any label",explicit,False,25,0.0032758105022572,Breathing events,Breathing events,Breathing events,Breathing events:resp_events
wholenight_hf_power,Heart rate and variability,Heart,Cardiac / HRV,Autonomic,"High-frequency power of the R-R series, 0.15-0.40 Hz, whole night",hrv rule,False,26,0.00322042893454,Heart rate and variability,Heart,Heart,"Heart rate and variability:hf_; Brain, spectral power:_power"
wholenight_rmssd,Heart rate and variability,Heart,Cardiac / HRV,Autonomic,"RMSSD, root mean square of successive R-R differences, whole night",hrv rule,False,27,0.0031775251105129,Heart rate and variability,Heart,Heart,Heart rate and variability:rmssd
C_SO_mean_dur_sec,"Brain, microstructure","Brain, microstructure",EEG microstructure,EEG microstructure,"Slow-oscillation duration, seconds, central derivation",slow-oscillation rule,False,28,0.0031589940406675,"Brain, microstructure","Brain, microstructure","Brain, microstructure","Brain, microstructure:_so_"
AHI,Breathing events,Breathing events,Breathing events,Respiratory events,"Apnea-hypopnea index, events per hour of sleep",explicit,False,29,0.0031342141536895,Breathing events,Breathing events,Breathing events,Breathing events:ahi
C_coupling_overlap_frac,"Brain, microstructure","Brain, microstructure",EEG microstructure,EEG microstructure,"Spindle and slow-oscillation overlap, fraction, central derivation",coupling rule,False,30,0.0029381158615493,"Brain, microstructure","Brain, microstructure","Brain, microstructure","Brain, microstructure:coupling"
C_nrem_theta_kurt,"Brain, spectral power","Brain, spectral",EEG spectral,EEG band power,"Theta-band power in non-REM sleep, central derivation, kurtosis across epochs",eeg band rule,False,32,0.0027302050138888,"Brain, spectral power","Brain, spectral","Brain, spectral","Brain, spectral power:theta"
O_spindle_n_spindles,"Brain, microstructure","Brain, microstructure",EEG microstructure,EEG microstructure,"Spindle count, occipital derivation",spindle rule,False,33,0.0026900448442494,"Brain, microstructure","Brain, microstructure","Brain, microstructure","Brain, microstructure:spindle"
O_coupling_angle_rad,"Brain, microstructure","Brain, microstructure",EEG microstructure,EEG microstructure,"Spindle to slow-oscillation coupling phase, radians, occipital derivation",coupling rule,False,34,0.0026310414070204,"Brain, microstructure","Brain, microstructure","Brain, microstructure","Brain, microstructure:coupling"
C_coupling_angle_rad,"Brain, microstructure","Brain, microstructure",EEG microstructure,EEG microstructure,"Spindle to slow-oscillation coupling phase, radians, central derivation",coupling rule,False,35,0.0025137112287818,"Brain, microstructure","Brain, microstructure","Brain, microstructure","Brain, microstructure:coupling"
O_SO_density_per_min,"Brain, microstructure","Brain, microstructure",EEG microstructure,EEG microstructure,"Slow-oscillation density, per minute, occipital derivation",slow-oscillation rule,False,36,0.0023433965161931,"Brain, microstructure","Brain, microstructure","Brain, microstructure","Brain, microstructure:_so_"
F_coupling_strength_r,"Brain, microstructure","Brain, microstructure",EEG microstructure,EEG microstructure,"Spindle to slow-oscillation coupling strength, frontal derivation",coupling rule,False,37,0.0023215010002196,"Brain, microstructure","Brain, microstructure","Brain, microstructure","Brain, microstructure:coupling"
O_nrem_theta_kurt,"Brain, spectral power","Brain, spectral",EEG spectral,EEG band power,"Theta-band power in non-REM sleep, occipital derivation, kurtosis across epochs",eeg band rule,False,39,0.0022478861262322,"Brain, spectral power","Brain, spectral","Brain, spectral","Brain, spectral power:theta"
O_spindle_density_per_min,"Brain, microstructure","Brain, microstructure",EEG microstructure,EEG microstructure,"Spindle density, per minute, occipital derivation",spindle rule,False,40,0.0021324383953627,"Brain, microstructure","Brain, microstructure","Brain, microstructure","Brain, microstructure:spindle"
F_coupling_angle_rad,"Brain, microstructure","Brain, microstructure",EEG microstructure,EEG microstructure,"Spindle to slow-oscillation coupling phase, radians, frontal derivation",coupling rule,False,41,0.0021041528030527,"Brain, microstructure","Brain, microstructure","Brain, microstructure","Brain, microstructure:coupling"
O_SO_n_SOs,"Brain, microstructure","Brain, microstructure",EEG microstructure,EEG microstructure,"Slow-oscillation count, occipital derivation",slow-oscillation rule,False,42,0.001914802800844,"Brain, microstructure","Brain, microstructure","Brain, microstructure","Brain, microstructure:_so_"
nrem_hf_power,Heart rate and variability,Heart,Cardiac / HRV,Autonomic,"High-frequency power of the R-R series, 0.15-0.40 Hz, non-REM sleep",hrv rule,False,43,0.001899142187558,Heart rate and variability,Heart,Heart,"Heart rate and variability:hf_; Brain, spectral power:_power"
F_nrem_theta_kurt,"Brain, spectral power","Brain, spectral",EEG spectral,EEG band power,"Theta-band power in non-REM sleep, frontal derivation, kurtosis across epochs",eeg band rule,False,44,0.0017589326842209,"Brain, spectral power","Brain, spectral","Brain, spectral","Brain, spectral power:theta"
nrem_n_rr,Heart rate and variability,Heart,Cardiac / HRV,Autonomic,"Count of R-R intervals detected. A CARDIAC count, not a sleep-timing one, non-REM sleep",hrv rule,False,46,0.0016181585102832,Sleep timing and structure,Sleep timing and structure,Sleep timing and structure,"NONE, silent default"
C_rem_beta_mean,"Brain, spectral power","Brain, spectral",EEG spectral,EEG band power,"Beta-band power in REM sleep, central derivation, mean across epochs",eeg band rule,False,48,0.0015762982597689,"Brain, spectral power","Brain, spectral","Brain, spectral","Brain, spectral power:beta"
C_nrem_alpha_mean,"Brain, spectral power","Brain, spectral",EEG spectral,EEG band power,"Alpha-band power in non-REM sleep, central derivation, mean across epochs",eeg band rule,False,49,0.0015267083183283,"Brain, spectral power","Brain, spectral","Brain, spectral","Brain, spectral power:alpha"
C_SO_mean_amp_uV,"Brain, microstructure","Brain, microstructure",EEG microstructure,EEG microstructure,"Slow-oscillation amplitude, microvolts, central derivation",slow-oscillation rule,False,51,0.001517643436865,"Brain, microstructure","Brain, microstructure","Brain, microstructure","Brain, microstructure:_so_"
F_coupling_overlap_frac,"Brain, microstructure","Brain, microstructure",EEG microstructure,EEG microstructure,"Spindle and slow-oscillation overlap, fraction, frontal derivation",coupling rule,False,52,0.0014495363445435,"Brain, microstructure","Brain, microstructure","Brain, microstructure","Brain, microstructure:coupling"
F_SO_mean_amp_uV,"Brain, microstructure","Brain, microstructure",EEG microstructure,EEG microstructure,"Slow-oscillation amplitude, microvolts, frontal derivation",slow-oscillation rule,False,53,0.0012362203656782,"Brain, microstructure","Brain, microstructure","Brain, microstructure","Brain, microstructure:_so_"
C_nrem_delta_kurt,"Brain, spectral power","Brain, spectral",EEG spectral,EEG band power,"Delta-band power in non-REM sleep, central derivation, kurtosis across epochs",eeg band rule,False,55,0.0012075746134374,"Brain, spectral power","Brain, spectral","Brain, spectral","Brain, spectral power:delta"
F_nrem_sigma_mean,"Brain, spectral power","Brain, spectral",EEG spectral,EEG band power,"Sigma-band power in non-REM sleep, frontal derivation, mean across epochs",eeg band rule,False,57,0.0011933713022674,"Brain, spectral power","Brain, spectral","Brain, spectral","Brain, spectral power:sigma"
F_rem_beta_mean,"Brain, spectral power","Brain, spectral",EEG spectral,EEG band power,"Beta-band power in REM sleep, frontal derivation, mean across epochs",eeg band rule,False,58,0.0011871064805426,"Brain, spectral power","Brain, spectral","Brain, spectral","Brain, spectral power:beta"
C_rem_sigma_mean,"Brain, spectral power","Brain, spectral",EEG spectral,EEG band power,"Sigma-band power in REM sleep, central derivation, mean across epochs",eeg band rule,False,61,0.0011145558325436,"Brain, spectral power","Brain, spectral","Brain, spectral","Brain, spectral power:sigma"
F_nrem_delta_kurt,"Brain, spectral power","Brain, spectral",EEG spectral,EEG band power,"Delta-band power in non-REM sleep, frontal derivation, kurtosis across epochs",eeg band rule,False,63,0.0010960419175076,"Brain, spectral power","Brain, spectral","Brain, spectral","Brain, spectral power:delta"
N2_min,Sleep timing and structure,Sleep timing and structure,Sleep architecture,Sleep architecture,"Stage N2, minutes",explicit,False,64,0.0010541371126112,Sleep timing and structure,Sleep timing and structure,Sleep timing and structure,"NONE, silent default"
F_nrem_beta_mean,"Brain, spectral power","Brain, spectral",EEG spectral,EEG band power,"Beta-band power in non-REM sleep, frontal derivation, mean across epochs",eeg band rule,False,66,0.0010253325650211,"Brain, spectral power","Brain, spectral","Brain, spectral","Brain, spectral power:beta"
C_nrem_beta_mean,"Brain, spectral power","Brain, spectral",EEG spectral,EEG band power,"Beta-band power in non-REM sleep, central derivation, mean across epochs",eeg band rule,False,67,0.0009193920416977,"Brain, spectral power","Brain, spectral","Brain, spectral","Brain, spectral power:beta"
O_nrem_beta_mean,"Brain, spectral power","Brain, spectral",EEG spectral,EEG band power,"Beta-band power in non-REM sleep, occipital derivation, mean across epochs",eeg band rule,False,70,0.0008802582008046,"Brain, spectral power","Brain, spectral","Brain, spectral","Brain, spectral power:beta"
C_SO_mean_slope_uV_per_sec,"Brain, microstructure","Brain, microstructure",EEG microstructure,EEG microstructure,"Slow-oscillation slope, microvolts per second, central derivation",slow-oscillation rule,False,71,0.0008045349858094,"Brain, microstructure","Brain, microstructure","Brain, microstructure","Brain, microstructure:_so_"
O_rem_alpha_kurt,"Brain, spectral power","Brain, spectral",EEG spectral,EEG band power,"Alpha-band power in REM sleep, occipital derivation, kurtosis across epochs",eeg band rule,False,73,0.0007299539159113,"Brain, spectral power","Brain, spectral","Brain, spectral","Brain, spectral power:alpha"
O_nrem_sigma_mean,"Brain, spectral power","Brain, spectral",EEG spectral,EEG band power,"Sigma-band power in non-REM sleep, occipital derivation, mean across epochs",eeg band rule,False,74,0.0006861072486872,"Brain, spectral power","Brain, spectral","Brain, spectral","Brain, spectral power:sigma"
C_spindle_mean_amp_uV,"Brain, microstructure","Brain, microstructure",EEG microstructure,EEG microstructure,"Spindle amplitude, microvolts, central derivation",spindle rule,False,76,0.000634631937689,"Brain, microstructure","Brain, microstructure","Brain, microstructure","Brain, microstructure:spindle"
nrem_sdnn,Heart rate and variability,Heart,Cardiac / HRV,Autonomic,"SDNN, standard deviation of R-R intervals, non-REM sleep",hrv rule,False,77,0.0005881827436494,Heart rate and variability,Heart,Heart,Heart rate and variability:sdnn
C_rem_delta_mean,"Brain, spectral power","Brain, spectral",EEG spectral,EEG band power,"Delta-band power in REM sleep, central derivation, mean across epochs",eeg band rule,False,78,0.0005683051377778,"Brain, spectral power","Brain, spectral","Brain, spectral","Brain, spectral power:delta"
C_rem_theta_mean,"Brain, spectral power","Brain, spectral",EEG spectral,EEG band power,"Theta-band power in REM sleep, central derivation, mean across epochs",eeg band rule,False,80,0.0005335115033497,"Brain, spectral power","Brain, spectral","Brain, spectral","Brain, spectral power:theta"
O_SO_mean_dur_sec,"Brain, microstructure","Brain, microstructure",EEG microstructure,EEG microstructure,"Slow-oscillation duration, seconds, occipital derivation",slow-oscillation rule,False,82,0.0005121640991814,"Brain, microstructure","Brain, microstructure","Brain, microstructure","Brain, microstructure:_so_"
nrem_pnn50,Heart rate and variability,Heart,Cardiac / HRV,Autonomic,"pNN50, proportion of R-R differences above 50 ms, non-REM sleep",hrv rule,False,83,0.000496617970303,Heart rate and variability,Heart,Heart,Heart rate and variability:pnn50
F_rem_beta_kurt,"Brain, spectral power","Brain, spectral",EEG spectral,EEG band power,"Beta-band power in REM sleep, frontal derivation, kurtosis across epochs",eeg band rule,False,84,0.0004498518988849,"Brain, spectral power","Brain, spectral","Brain, spectral","Brain, spectral power:beta"
F_rem_sigma_mean,"Brain, spectral power","Brain, spectral",EEG spectral,EEG band power,"Sigma-band power in REM sleep, frontal derivation, mean across epochs",eeg band rule,False,86,0.0004349112844229,"Brain, spectral power","Brain, spectral","Brain, spectral","Brain, spectral power:sigma"
C_nrem_theta_mean,"Brain, spectral power","Brain, spectral",EEG spectral,EEG band power,"Theta-band power in non-REM sleep, central derivation, mean across epochs",eeg band rule,False,88,0.0003834738795291,"Brain, spectral power","Brain, spectral","Brain, spectral","Brain, spectral power:theta"
C_rem_theta_kurt,"Brain, spectral power","Brain, spectral",EEG spectral,EEG band power,"Theta-band power in REM sleep, central derivation, kurtosis across epochs",eeg band rule,False,90,0.0003829981721997,"Brain, spectral power","Brain, spectral","Brain, spectral","Brain, spectral power:theta"
O_nrem_delta_mean,"Brain, spectral power","Brain, spectral",EEG spectral,EEG band power,"Delta-band power in non-REM sleep, occipital derivation, mean across epochs",eeg band rule,False,92,0.0003650805572127,"Brain, spectral power","Brain, spectral","Brain, spectral","Brain, spectral power:delta"
wholenight_pnn50,Heart rate and variability,Heart,Cardiac / HRV,Autonomic,"pNN50, proportion of R-R differences above 50 ms, whole night",hrv rule,False,94,0.0003468236978053,Heart rate and variability,Heart,Heart,Heart rate and variability:pnn50
C_nrem_sigma_kurt,"Brain, spectral power","Brain, spectral",EEG spectral,EEG band power,"Sigma-band power in non-REM sleep, central derivation, kurtosis across epochs",eeg band rule,False,95,0.0003036953886519,"Brain, spectral power","Brain, spectral","Brain, spectral","Brain, spectral power:sigma"
F_spindle_mean_amp_uV,"Brain, microstructure","Brain, microstructure",EEG microstructure,EEG microstructure,"Spindle amplitude, microvolts, frontal derivation",spindle rule,False,97,0.0002880368635592,"Brain, microstructure","Brain, microstructure","Brain, microstructure","Brain, microstructure:spindle"
arousal_index,Sleep timing and structure,Sleep timing and structure,Sleep architecture,Sleep architecture,"Arousals per hour of sleep, from the arousal annotation channel. A continuity measure, not scored from airflow",explicit,False,98,0.0002700726936415,Sleep timing and structure,Sleep timing and structure,Sleep timing and structure,"NONE, silent default"
C_rem_alpha_mean,"Brain, spectral power","Brain, spectral",EEG spectral,EEG band power,"Alpha-band power in REM sleep, central derivation, mean across epochs",eeg band rule,False,99,0.0002611379820142,"Brain, spectral power","Brain, spectral","Brain, spectral","Brain, spectral power:alpha"
C_rem_beta_kurt,"Brain, spectral power","Brain, spectral",EEG spectral,EEG band power,"Beta-band power in REM sleep, central derivation, kurtosis across epochs",eeg band rule,False,101,0.0002167486548745,"Brain, spectral power","Brain, spectral","Brain, spectral","Brain, spectral power:beta"
C_rem_alpha_kurt,"Brain, spectral power","Brain, spectral",EEG spectral,EEG band power,"Alpha-band power in REM sleep, central derivation, kurtosis across epochs",eeg band rule,False,103,0.0002166481648492,"Brain, spectral power","Brain, spectral","Brain, spectral","Brain, spectral power:alpha"
N2_pct,Sleep timing and structure,Sleep timing and structure,Sleep architecture,Sleep architecture,"Stage N2, percent of total sleep time",explicit,False,105,0.0001713001027223,Sleep timing and structure,Sleep timing and structure,Sleep timing and structure,"NONE, silent default"
F_nrem_alpha_mean,"Brain, spectral power","Brain, spectral",EEG spectral,EEG band power,"Alpha-band power in non-REM sleep, frontal derivation, mean across epochs",eeg band rule,False,107,0.0001369101072289,"Brain, spectral power","Brain, spectral","Brain, spectral","Brain, spectral power:alpha"
O_rem_sigma_mean,"Brain, spectral power","Brain, spectral",EEG spectral,EEG band power,"Sigma-band power in REM sleep, occipital derivation, mean across epochs",eeg band rule,False,109,0.0001337235515921,"Brain, spectral power","Brain, spectral","Brain, spectral","Brain, spectral power:sigma"
O_SO_mean_amp_uV,"Brain, microstructure","Brain, microstructure",EEG microstructure,EEG microstructure,"Slow-oscillation amplitude, microvolts, occipital derivation",slow-oscillation rule,False,110,9.86478477798929e-05,"Brain, microstructure","Brain, microstructure","Brain, microstructure","Brain, microstructure:_so_"
F_rem_alpha_kurt,"Brain, spectral power","Brain, spectral",EEG spectral,EEG band power,"Alpha-band power in REM sleep, frontal derivation, kurtosis across epochs",eeg band rule,False,112,9.69395417896891e-05,"Brain, spectral power","Brain, spectral","Brain, spectral","Brain, spectral power:alpha"
F_nrem_delta_mean,"Brain, spectral power","Brain, spectral",EEG spectral,EEG band power,"Delta-band power in non-REM sleep, frontal derivation, mean across epochs",eeg band rule,False,114,8.14789296679543e-05,"Brain, spectral power","Brain, spectral","Brain, spectral","Brain, spectral power:delta"
C_rem_delta_kurt,"Brain, spectral power","Brain, spectral",EEG spectral,EEG band power,"Delta-band power in REM sleep, central derivation, kurtosis across epochs",eeg band rule,False,115,7.377062641105113e-05,"Brain, spectral power","Brain, spectral","Brain, spectral","Brain, spectral power:delta"
O_rem_beta_mean,"Brain, spectral power","Brain, spectral",EEG spectral,EEG band power,"Beta-band power in REM sleep, occipital derivation, mean across epochs",eeg band rule,False,117,6.9119766193379e-05,"Brain, spectral power","Brain, spectral","Brain, spectral","Brain, spectral power:beta"
wholenight_sdnn,Heart rate and variability,Heart,Cardiac / HRV,Autonomic,"SDNN, standard deviation of R-R intervals, whole night",hrv rule,False,119,2.7881444931319072e-05,Heart rate and variability,Heart,Heart,Heart rate and variability:sdnn
O_spindle_mean_dur_sec,"Brain, microstructure","Brain, microstructure",EEG microstructure,EEG microstructure,"Spindle duration, seconds, occipital derivation",spindle rule,False,120,1.3325885186765696e-05,"Brain, microstructure","Brain, microstructure","Brain, microstructure","Brain, microstructure:spindle"
O_nrem_sigma_kurt,"Brain, spectral power","Brain, spectral",EEG spectral,EEG band power,"Sigma-band power in non-REM sleep, occipital derivation, kurtosis across epochs",eeg band rule,False,122,1.268375739480604e-05,"Brain, spectral power","Brain, spectral","Brain, spectral","Brain, spectral power:sigma"
O_rem_beta_kurt,"Brain, spectral power","Brain, spectral",EEG spectral,EEG band power,"Beta-band power in REM sleep, occipital derivation, kurtosis across epochs",eeg band rule,False,124,-1.7966742341536668e-05,"Brain, spectral power","Brain, spectral","Brain, spectral","Brain, spectral power:beta"
O_SO_mean_slope_uV_per_sec,"Brain, microstructure","Brain, microstructure",EEG microstructure,EEG microstructure,"Slow-oscillation slope, microvolts per second, occipital derivation",slow-oscillation rule,False,125,-2.3561961708775763e-05,"Brain, microstructure","Brain, microstructure","Brain, microstructure","Brain, microstructure:_so_"
O_rem_delta_mean,"Brain, spectral power","Brain, spectral",EEG spectral,EEG band power,"Delta-band power in REM sleep, occipital derivation, mean across epochs",eeg band rule,False,127,-3.298108992118992e-05,"Brain, spectral power","Brain, spectral","Brain, spectral","Brain, spectral power:delta"
F_SO_mean_slope_uV_per_sec,"Brain, microstructure","Brain, microstructure",EEG microstructure,EEG microstructure,"Slow-oscillation slope, microvolts per second, frontal derivation",slow-oscillation rule,False,128,-5.261562853992041e-05,"Brain, microstructure","Brain, microstructure","Brain, microstructure","Brain, microstructure:_so_"
O_nrem_alpha_mean,"Brain, spectral power","Brain, spectral",EEG spectral,EEG band power,"Alpha-band power in non-REM sleep, occipital derivation, mean across epochs",eeg band rule,False,130,-6.922517761676535e-05,"Brain, spectral power","Brain, spectral","Brain, spectral","Brain, spectral power:alpha"
F_rem_theta_mean,"Brain, spectral power","Brain, spectral",EEG spectral,EEG band power,"Theta-band power in REM sleep, frontal derivation, mean across epochs",eeg band rule,False,132,-6.94866602987676e-05,"Brain, spectral power","Brain, spectral","Brain, spectral","Brain, spectral power:theta"
F_spindle_mean_freq_Hz,"Brain, microstructure","Brain, microstructure",EEG microstructure,EEG microstructure,"Spindle frequency, Hz, frontal derivation",spindle rule,False,133,-7.458112349243799e-05,"Brain, microstructure","Brain, microstructure","Brain, microstructure","Brain, microstructure:spindle"
F_SO_n_SOs,"Brain, microstructure","Brain, microstructure",EEG microstructure,EEG microstructure,"Slow-oscillation count, frontal derivation",slow-oscillation rule,False,134,-9.403610410309524e-05,"Brain, microstructure","Brain, microstructure","Brain, microstructure","Brain, microstructure:_so_"
F_SO_density_per_min,"Brain, microstructure","Brain, microstructure",EEG microstructure,EEG microstructure,"Slow-oscillation density, per minute, frontal derivation",slow-oscillation rule,False,135,-0.0001336269904208,"Brain, microstructure","Brain, microstructure","Brain, microstructure","Brain, microstructure:_so_"
F_rem_delta_kurt,"Brain, spectral power","Brain, spectral",EEG spectral,EEG band power,"Delta-band power in REM sleep, frontal derivation, kurtosis across epochs",eeg band rule,False,137,-0.0001384174111673,"Brain, spectral power","Brain, spectral","Brain, spectral","Brain, spectral power:delta"
F_rem_delta_mean,"Brain, spectral power","Brain, spectral",EEG spectral,EEG band power,"Delta-band power in REM sleep, frontal derivation, mean across epochs",eeg band rule,False,139,-0.0001587186755741,"Brain, spectral power","Brain, spectral","Brain, spectral","Brain, spectral power:delta"
O_spindle_mean_amp_uV,"Brain, microstructure","Brain, microstructure",EEG microstructure,EEG microstructure,"Spindle amplitude, microvolts, occipital derivation",spindle rule,False,140,-0.0001592370338816,"Brain, microstructure","Brain, microstructure","Brain, microstructure","Brain, microstructure:spindle"
REM_pct,Sleep timing and structure,Sleep timing and structure,Sleep architecture,Sleep architecture,"REM sleep, percent of total sleep time",explicit,False,141,-0.0001599839807491,Sleep timing and structure,Sleep timing and structure,Sleep timing and structure,"NONE, silent default"
F_nrem_theta_mean,"Brain, spectral power","Brain, spectral",EEG spectral,EEG band power,"Theta-band power in non-REM sleep, frontal derivation, mean across epochs",eeg band rule,False,143,-0.0001736644841845,"Brain, spectral power","Brain, spectral","Brain, spectral","Brain, spectral power:theta"
C_rem_sigma_kurt,"Brain, spectral power","Brain, spectral",EEG spectral,EEG band power,"Sigma-band power in REM sleep, central derivation, kurtosis across epochs",eeg band rule,False,144,-0.0001748183318204,"Brain, spectral power","Brain, spectral","Brain, spectral","Brain, spectral power:sigma"
REM_min,Sleep timing and structure,Sleep timing and structure,Sleep architecture,Sleep architecture,"REM sleep, minutes",explicit,False,146,-0.0001791056248805,Sleep timing and structure,Sleep timing and structure,Sleep timing and structure,"NONE, silent default"
C_nrem_delta_mean,"Brain, spectral power","Brain, spectral",EEG spectral,EEG band power,"Delta-band power in non-REM sleep, central derivation, mean across epochs",eeg band rule,False,147,-0.0002115405042561,"Brain, spectral power","Brain, spectral","Brain, spectral","Brain, spectral power:delta"
O_rem_alpha_mean,"Brain, spectral power","Brain, spectral",EEG spectral,EEG band power,"Alpha-band power in REM sleep, occipital derivation, mean across epochs",eeg band rule,False,149,-0.0002119601339051,"Brain, spectral power","Brain, spectral","Brain, spectral","Brain, spectral power:alpha"
O_spindle_mean_freq_Hz,"Brain, microstructure","Brain, microstructure",EEG microstructure,EEG microstructure,"Spindle frequency, Hz, occipital derivation",spindle rule,False,151,-0.0002301237592269,"Brain, microstructure","Brain, microstructure","Brain, microstructure","Brain, microstructure:spindle"
O_nrem_theta_mean,"Brain, spectral power","Brain, spectral",EEG spectral,EEG band power,"Theta-band power in non-REM sleep, occipital derivation, mean across epochs",eeg band rule,False,153,-0.0002618138276943,"Brain, spectral power","Brain, spectral","Brain, spectral","Brain, spectral power:theta"
C_SO_n_SOs,"Brain, microstructure","Brain, microstructure",EEG microstructure,EEG microstructure,"Slow-oscillation count, central derivation",slow-oscillation rule,False,154,-0.0002657270067738,"Brain, microstructure","Brain, microstructure","Brain, microstructure","Brain, microstructure:_so_"
C_SO_density_per_min,"Brain, microstructure","Brain, microstructure",EEG microstructure,EEG microstructure,"Slow-oscillation density, per minute, central derivation",slow-oscillation rule,False,155,-0.0002720421485871,"Brain, microstructure","Brain, microstructure","Brain, microstructure","Brain, microstructure:_so_"
N3_pct,Sleep timing and structure,Sleep timing and structure,Sleep architecture,Sleep architecture,"Stage N3, percent of total sleep time",explicit,False,156,-0.0002858373392585,Sleep timing and structure,Sleep timing and structure,Sleep timing and structure,"NONE, silent default"
O_rem_sigma_kurt,"Brain, spectral power","Brain, spectral",EEG spectral,EEG band power,"Sigma-band power in REM sleep, occipital derivation, kurtosis across epochs",eeg band rule,False,157,-0.0003117153582875,"Brain, spectral power","Brain, spectral","Brain, spectral","Brain, spectral power:sigma"
F_rem_sigma_kurt,"Brain, spectral power","Brain, spectral",EEG spectral,EEG band power,"Sigma-band power in REM sleep, frontal derivation, kurtosis across epochs",eeg band rule,False,159,-0.000370500816773,"Brain, spectral power","Brain, spectral","Brain, spectral","Brain, spectral power:sigma"
O_rem_delta_kurt,"Brain, spectral power","Brain, spectral",EEG spectral,EEG band power,"Delta-band power in REM sleep, occipital derivation, kurtosis across epochs",eeg band rule,False,162,-0.000370608428846,"Brain, spectral power","Brain, spectral","Brain, spectral","Brain, spectral power:delta"
F_rem_alpha_mean,"Brain, spectral power","Brain, spectral",EEG spectral,EEG band power,"Alpha-band power in REM sleep, frontal derivation, mean across epochs",eeg band rule,False,164,-0.0003804057882547,"Brain, spectral power","Brain, spectral","Brain, spectral","Brain, spectral power:alpha"
N3_min,Sleep timing and structure,Sleep timing and structure,Sleep architecture,Sleep architecture,"Stage N3, minutes",explicit,False,165,-0.0003805101800721,Sleep timing and structure,Sleep timing and structure,Sleep timing and structure,"NONE, silent default"
O_rem_theta_kurt,"Brain, spectral power","Brain, spectral",EEG spectral,EEG band power,"Theta-band power in REM sleep, occipital derivation, kurtosis across epochs",eeg band rule,False,167,-0.000390883050788,"Brain, spectral power","Brain, spectral","Brain, spectral","Brain, spectral power:theta"
F_rem_theta_kurt,"Brain, spectral power","Brain, spectral",EEG spectral,EEG band power,"Theta-band power in REM sleep, frontal derivation, kurtosis across epochs",eeg band rule,False,168,-0.0003981635940446,"Brain, spectral power","Brain, spectral","Brain, spectral","Brain, spectral power:theta"
F_nrem_sigma_kurt,"Brain, spectral power","Brain, spectral",EEG spectral,EEG band power,"Sigma-band power in non-REM sleep, frontal derivation, kurtosis across epochs",eeg band rule,False,171,-0.0004051445238539,"Brain, spectral power","Brain, spectral","Brain, spectral","Brain, spectral power:sigma"
sleep_efficiency_pct,Sleep timing and structure,Sleep timing and structure,Sleep architecture,Sleep architecture,"Sleep efficiency, total sleep time over recording duration",explicit,False,172,-0.0004368096466582,Sleep timing and structure,Sleep timing and structure,Sleep timing and structure,"NONE, silent default"
O_nrem_delta_kurt,"Brain, spectral power","Brain, spectral",EEG spectral,EEG band power,"Delta-band power in non-REM sleep, occipital derivation, kurtosis across epochs",eeg band rule,False,173,-0.0004779439204105,"Brain, spectral power","Brain, spectral","Brain, spectral","Brain, spectral power:delta"
N1_pct,Sleep timing and structure,Sleep timing and structure,Sleep architecture,Sleep architecture,"Stage N1, percent of total sleep time",explicit,False,175,-0.0004799683595469,Sleep timing and structure,Sleep timing and structure,Sleep timing and structure,"NONE, silent default"
C_spindle_mean_dur_sec,"Brain, microstructure","Brain, microstructure",EEG microstructure,EEG microstructure,"Spindle duration, seconds, central derivation",spindle rule,False,176,-0.0004895045006762,"Brain, microstructure","Brain, microstructure","Brain, microstructure","Brain, microstructure:spindle"
N1_min,Sleep timing and structure,Sleep timing and structure,Sleep architecture,Sleep architecture,"Stage N1, minutes",explicit,False,177,-0.0005101684171571,Sleep timing and structure,Sleep timing and structure,Sleep timing and structure,"NONE, silent default"
C_spindle_mean_freq_Hz,"Brain, microstructure","Brain, microstructure",EEG microstructure,EEG microstructure,"Spindle frequency, Hz, central derivation",spindle rule,False,178,-0.0005737409231927,"Brain, microstructure","Brain, microstructure","Brain, microstructure","Brain, microstructure:spindle"
WASO_min,Sleep timing and structure,Sleep timing and structure,Sleep architecture,Sleep architecture,"Wake after sleep onset, minutes",explicit,False,179,-0.0005958893385672,Sleep timing and structure,Sleep timing and structure,Sleep timing and structure,"NONE, silent default"
O_nrem_beta_kurt,"Brain, spectral power","Brain, spectral",EEG spectral,EEG band power,"Beta-band power in non-REM sleep, occipital derivation, kurtosis across epochs",eeg band rule,False,180,-0.000625370322493,"Brain, spectral power","Brain, spectral","Brain, spectral","Brain, spectral power:beta"
F_nrem_beta_kurt,"Brain, spectral power","Brain, spectral",EEG spectral,EEG band power,"Beta-band power in non-REM sleep, frontal derivation, kurtosis across epochs",eeg band rule,False,183,-0.0006471276300072,"Brain, spectral power","Brain, spectral","Brain, spectral","Brain, spectral power:beta"
wake_min,Sleep timing and structure,Sleep timing and structure,Sleep architecture,Sleep architecture,"Total wake time in the recording, minutes",explicit,False,184,-0.0007610896631755,Sleep timing and structure,Sleep timing and structure,Sleep timing and structure,"NONE, silent default"
F_spindle_mean_dur_sec,"Brain, microstructure","Brain, microstructure",EEG microstructure,EEG microstructure,"Spindle duration, seconds, frontal derivation",spindle rule,False,185,-0.0008590604556662,"Brain, microstructure","Brain, microstructure","Brain, microstructure","Brain, microstructure:spindle"
F_nrem_alpha_kurt,"Brain, spectral power","Brain, spectral",EEG spectral,EEG band power,"Alpha-band power in non-REM sleep, frontal derivation, kurtosis across epochs",eeg band rule,False,186,-0.0008845840701037,"Brain, spectral power","Brain, spectral","Brain, spectral","Brain, spectral power:alpha"
C_nrem_alpha_kurt,"Brain, spectral power","Brain, spectral",EEG spectral,EEG band power,"Alpha-band power in non-REM sleep, central derivation, kurtosis across epochs",eeg band rule,False,188,-0.0008898327271033,"Brain, spectral power","Brain, spectral","Brain, spectral","Brain, spectral power:alpha"
C_nrem_beta_kurt,"Brain, spectral power","Brain, spectral",EEG spectral,EEG band power,"Beta-band power in non-REM sleep, central derivation, kurtosis across epochs",eeg band rule,False,191,-0.000953918111187,"Brain, spectral power","Brain, spectral","Brain, spectral","Brain, spectral power:beta"
TST_min,Sleep timing and structure,Sleep timing and structure,Sleep architecture,Sleep architecture,"Total sleep time, minutes",explicit,False,192,-0.0009569639717513,Sleep timing and structure,Sleep timing and structure,Sleep timing and structure,"NONE, silent default"
O_nrem_alpha_kurt,"Brain, spectral power","Brain, spectral",EEG spectral,EEG band power,"Alpha-band power in non-REM sleep, occipital derivation, kurtosis across epochs",eeg band rule,False,193,-0.0009902209592678,"Brain, spectral power","Brain, spectral","Brain, spectral","Brain, spectral power:alpha"
O_rem_theta_mean,"Brain, spectral power","Brain, spectral",EEG spectral,EEG band power,"Theta-band power in REM sleep, occipital derivation, mean across epochs",eeg band rule,False,196,-0.0010117451942556,"Brain, spectral power","Brain, spectral","Brain, spectral","Brain, spectral power:theta"
recording_dur_min,Sleep timing and structure,Sleep timing and structure,Sleep architecture,Sleep architecture,"Total recording duration, minutes. An acquisition property of the study, not a breathing measure",explicit,False,197,-0.0016404615393393,Breathing events,Breathing events,Breathing events,Breathing events:rdi
hypoxic_burden,Oxygenation,Oxygen,Oxygenation,Oximetry,"Hypoxic burden, percent-minutes of desaturation per hour of sleep: per respiratory event the area between the pre-event baseline saturation and the trace, native oximeter rate, event windows frozen per site in extract_v8/hb_definition.json","explicit (v8 decision 3, 2026-09-12)",False,,,Oxygenation,Oxygen,Oxygen,explicit:v8
plm_index,Limb movements,Limb movements,Limb movements,Limb movements,"Periodic limb movement index, series of 4 or more limb movements 5 to 90 s apart, 0.5 to 10 s long (AASM rule) per hour of sleep; scoring convention differs by hospital, rank-normalised within site","explicit (v8 decision 3, 2026-09-12)",False,,,Limb movements,Limb movements,Limb movements,explicit:v8
sol_min,Sleep timing and structure,Sleep timing and structure,Sleep architecture,Sleep architecture,"Sleep onset latency, minutes from lights off (or recording start) to the first sleep epoch","explicit (v8 decision 3, 2026-09-12)",False,,,Sleep timing and structure,Sleep timing and structure,Sleep timing and structure,explicit:v8
rem_latency_min,Sleep timing and structure,Sleep timing and structure,Sleep architecture,Sleep architecture,"REM latency, minutes from sleep onset to the first REM epoch","explicit (v8 decision 3, 2026-09-12)",False,,,Sleep timing and structure,Sleep timing and structure,Sleep timing and structure,explicit:v8
