column,lo,hi
AHI,0.0,120.0
C_SO_mean_amp_uV,0.0,600.0
C_spindle_mean_amp_uV,0.0,300.0
C_spindle_mean_dur_sec,0.3,3.5
C_spindle_mean_freq_Hz,9.0,17.0
F_SO_mean_amp_uV,0.0,600.0
F_spindle_mean_amp_uV,0.0,300.0
F_spindle_mean_dur_sec,0.3,3.5
F_spindle_mean_freq_Hz,9.0,17.0
O_SO_mean_amp_uV,0.0,600.0
O_spindle_mean_amp_uV,0.0,300.0
O_spindle_mean_dur_sec,0.3,3.5
O_spindle_mean_freq_Hz,9.0,17.0
TST_min,0.0,780.0
arousal_index,0.0,120.0
nrem_hr_bpm,25.0,250.0
nrem_rmssd,0.0,500.0
sleep_efficiency_pct,0.0,100.0
spo2_mean,60.0,100.0
spo2_nadir_corrected,30.0,100.0
wholenight_hr_bpm,25.0,250.0
wholenight_rmssd,0.0,500.0
